930,Leguminosas,Alubia cocida (chica o grande),1/2,taza,90,90,124,8.7,0.3,22.5,5.6,ND,ND,ND,3.3,502.1,28.0,6.3,0.3,ND,ND,ND,ND,ND,1.2,101.1,502.1,ND,5.4
931,Leguminosas,Alubia cruda (chica o grande),35,gr,35,35,117,8.1,0.3,21.1,5.3,ND,ND,ND,3.7,628.3,ND,ND,0.7,ND,ND,ND,ND,ND,4.5,105.4,628.3,ND,5.6
932,Leguminosas,Alubia enlatada guisada,1/3,taza,86,86,99,6.3,0.3,18.3,4.2,ND,ND,ND,2.6,392.5,52.0,9.5,0.3,ND,ND,ND,ND,ND,1.4,78.7,392.5,ND,299.9
933,Leguminosas,Alubia germinada,1,taza,190,190,63,9.1,1.1,8.9,ND,ND,ND,ND,1.7,368.6,ND,ND,ND,ND,ND,ND,ND,ND,1.1,72.2,368.6,ND,13.3
934,Leguminosas,Alverjón o chicharo seco crudo,35,gr,35,35,119,8.6,0.4,21.1,ND,ND,ND,ND,1.6,343.4,ND,ND,2.8,ND,ND,ND,ND,ND,0.6,128.1,343.4,ND,5.3
935,Leguminosas,Alverjón o chicharo seco cocido,1/2,taza,98,98,116,8.2,0.4,20.7,ND,ND,ND,ND,1.3,354.8,22.0,4.5,2.8,ND,ND,ND,ND,ND,0.6,97.0,354.8,ND,2.0
936,Leguminosas,Chicharo germinado cocido,1/2,taza,103,103,100,7.2,0.5,17.5,ND,ND,ND,ND,1.7,274.7,ND,ND,ND,ND,ND,ND,ND,ND,0.6,24.6,274.7,ND,3.1
937,Leguminosas,Frijol germinado cocido,1,taza,124,124,97,8.8,1.0,18.6,10.7,ND,ND,ND,2.6,393.1,ND,ND,ND,ND,ND,ND,ND,ND,0.7,127.7,393.1,ND,17.4
938,Leguminosas,Frijol germinado crudo,1 1/2,taza,156,156,105,9.6,1.1,20.4,ND,ND,ND,ND,3.0,478.9,ND,ND,ND,ND,ND,ND,ND,ND,0.9,156.0,478.9,ND,20.3
939,Leguminosas,Frijol molido,1/3,taza,73,73,96,6.4,0.4,17.2,6.3,ND,ND,ND,1.5,257.7,ND,ND,0.2,ND,ND,ND,ND,ND,0.9,101.6,257.7,ND,0.8
940,Leguminosas,Frijol promedio cocido,1/2,taza,86,86,114,7.6,0.5,20.4,7.5,ND,ND,ND,1.8,305.3,43.0,8.8,0.3,ND,ND,ND,ND,ND,1.0,120.4,305.3,ND,1.0
941,Leguminosas,Frijol promedio crudo,35,gr,35,35,119,7.6,0.5,21.8,5.3,ND,ND,ND,1.8,519.1,ND,ND,0.7,ND,ND,ND,ND,ND,1.1,123.2,519.1,ND,1.8
942,Leguminosas,Frijoles enteros enlatados,1/2,taza,128,128,108,6.7,0.8,18.6,6.8,ND,ND,ND,1.5,303.4,45.0,8.4,2.4,ND,ND,ND,ND,ND,1.2,115.2,303.4,ND,378.9
943,Leguminosas,Frijoles refritos/caseros o enlatados,1/3,taza,75,75,95,4.1,4.1,11.3,7.1,ND,ND,ND,ND,ND,ND,ND,3.0,ND,ND,ND,ND,ND,2.4,ND,ND,ND,237.0
944,Leguminosas,Gandul,40,gr,40,40,118,6.0,0.6,22.7,2.9,ND,ND,ND,1.7,473.3,ND,ND,ND,ND,ND,ND,ND,ND,1.0,ND,473.3,ND,5.8
945,Leguminosas,Garbanzo cocido,1/2,taza,82,82,135,7.3,2.1,22.5,6.3,ND,ND,ND,2.4,238.5,31.0,7.0,4.0,ND,ND,ND,ND,ND,3.0,138.0,238.5,ND,5.5
946,Leguminosas,Garbanzo crudo,35,gr,35,35,127,6.8,2.2,21.2,6.1,ND,ND,ND,2.2,306.3,ND,ND,3.7,ND,ND,ND,ND,ND,2.9,128.1,306.3,ND,8.4
947,Leguminosas,Garbanzo enlatado,1/2,taza,120,120,143,6.0,1.4,27.2,5.3,ND,ND,ND,1.6,206.5,42.0,11.4,ND,ND,ND,ND,ND,ND,3.4,108.0,206.5,ND,359.0
948,Leguminosas,Haba seca cocida,1/2,taza,85,85,94,6.5,0.3,16.7,4.6,ND,ND,ND,1.3,281.4,ND,ND,1.5,ND,ND,ND,ND,ND,2.2,106.3,281.4,ND,4.3
949,Leguminosas,Haba seca cruda,1/4,taza,38,38,128,9.8,0.6,21.9,9.4,ND,ND,ND,2.5,398.3,ND,ND,2.1,ND,ND,ND,ND,ND,3.1,157.9,398.3,ND,4.9
950,Leguminosas,Harina de frijol,3,cucharada,33,33,110,7.4,0.7,19.4,1.5,ND,ND,ND,4.4,480.4,ND,ND,ND,ND,ND,ND,ND,ND,4.2,ND,480.4,ND,2.6
951,Leguminosas,Harina de garbanzo,3,cucharada,33,33,117,6.6,2.2,18.7,1.5,ND,ND,ND,2.3,287.1,ND,ND,ND,ND,ND,ND,ND,ND,3.9,ND,287.1,ND,8.5
952,Leguminosas,Harina de haba,3,cucharada,33,33,114,9.1,0.6,19.1,0.6,ND,ND,ND,6.0,ND,ND,ND,ND,ND,ND,ND,ND,ND,3.9,ND,ND,ND,4.3
953,Leguminosas,Harina de lenteja,3,cucharada,33,33,108,8.1,0.5,18.5,1.3,ND,ND,ND,6.6,ND,ND,ND,ND,ND,ND,ND,ND,ND,3.9,80.4,ND,ND,0.0
954,Leguminosas,Harina de soya,4,cucharada,25,25,108,9.3,5.1,7.8,2.4,ND,ND,ND,1.6,500.0,ND,ND,ND,ND,ND,ND,ND,ND,1.8,116.6,500.0,ND,2.9
955,Leguminosas,Harina de soya baja en grasa,4,cucharada,25,25,91,12.2,2.2,7.5,2.4,ND,ND,ND,1.5,629.7,ND,ND,2.5,ND,ND,ND,ND,ND,2.3,145.3,629.7,ND,4.4
956,Leguminosas,Harina de soya sin grasa,4,cucharada,22,22,81,11.2,1.5,7.9,2.1,ND,ND,ND,1.3,459.8,ND,ND,4.4,ND,ND,ND,ND,ND,13.0,148.5,459.8,ND,2.0
957,Leguminosas,Hummus,5,cucharada,75,75,125,5.9,7.2,10.7,4.5,ND,ND,ND,1.8,171.0,1.0,0.1,ND,ND,ND,ND,ND,ND,ND,132.0,171.0,ND,284.3
958,Leguminosas,Ibes o haba de lima cocida,1/2,taza,85,85,105,5.8,0.3,20.1,4.5,ND,ND,ND,2.1,484.5,32.0,6.4,1.4,ND,ND,ND,ND,ND,1.7,110.5,484.5,ND,14.5
959,Leguminosas,Ibes o haba de lima cruda,90,gr,90,90,102,6.2,0.8,18.2,4.4,ND,ND,ND,2.8,420.3,ND,ND,1.3,ND,ND,ND,ND,ND,1.6,122.4,420.3,ND,7.2
960,Leguminosas,Lenteja cocida,1/2,taza,99,99,115,9.0,0.4,20.0,7.8,ND,ND,ND,3.3,365.5,26.0,5.2,1.8,ND,ND,ND,ND,ND,2.8,178.0,365.5,ND,2.0
961,Leguminosas,Lenteja cruda,35,gr,35,35,124,9.0,0.4,21.0,10.7,ND,ND,ND,2.6,334.3,ND,ND,0.7,ND,ND,ND,ND,ND,2.9,157.9,334.3,ND,2.1
962,Leguminosas,Miso (soybean paste),60,gr,60,60,120,7.1,3.6,15.9,3.2,ND,ND,ND,1.5,0.0,ND,ND,3.6,ND,ND,ND,ND,ND,0.0,0.0,0.0,ND,2237.1
963,Leguminosas,Soya cocida,1/3,taza,57,57,98,9.4,5.1,5.6,3.4,ND,ND,ND,2.9,292.3,18.0,1.0,1.7,ND,ND,ND,ND,ND,4.1,139.1,292.3,ND,0.6
964,Leguminosas,Soya texturizada,30,gr,30,30,95,11.6,0.9,11.7,5.4,ND,ND,ND,3.6,577.5,ND,ND,ND,ND,ND,ND,ND,ND,0.2,193.9,577.5,ND,3.2
965,AOAMBG,Abulón fresco,40,gr,40,40,42,6.8,0.3,2.4,ND,0.9,ND,ND,ND,ND,ND,ND,ND,33.9,ND,ND,ND,12.2,17.9,ND,ND,1.3,120.5
966,AOAMBG,Acociles,50,gr,50,35,37,7.4,0.5,0.9,ND,2.8,ND,ND,ND,ND,ND,ND,ND,ND,ND,ND,ND,1137.5,ND,ND,ND,2.9,0.0
967,AOAMBG,Aguayón,30,gr,30,30,42,6.3,1.9,0.0,ND,1.8,ND,ND,ND,ND,ND,ND,ND,18.6,ND,ND,ND,1.8,5.9,ND,ND,0.7,18.9
968,AOAMBG,Aguayón de res,30,gr,30,30,42,6.4,1.9,0.0,ND,1.8,ND,ND,ND,ND,ND,ND,ND,18.6,ND,ND,ND,1.8,5.9,ND,ND,0.7,18.9
969,AOAMBG,Ahuahutle seco,10,gr,10,10,39,7.8,0.4,0.2,ND,ND,ND,ND,ND,ND,ND,ND,ND,ND,ND,ND,ND,10.4,ND,ND,ND,1.0,ND
970,AOAMBG,Alce crudo,35,gr,35,35,36,7.0,0.3,0.0,ND,0.0,ND,ND,ND,ND,ND,ND,ND,20.7,ND,ND,ND,1.8,3.4,ND,ND,1.1,22.8
971,AOAMBG,Almeja chirla,50,gr,50,50,41,7.4,0.4,0.7,ND,0.0,ND,ND,ND,ND,ND,ND,ND,15.5,ND,ND,ND,ND,12.2,ND,ND,1.7,18.0
972,AOAMBG,Almeja cruda mediana sin concha,4,pieza,58,58,43,7.4,0.6,1.5,ND,52.2,ND,ND,ND,ND,ND,ND,ND,19.8,ND,ND,ND,26.6,14.10,ND,ND,8.1,32.8
973,AOAMBG,Almeja fresca sin concha,4,pieza,58,58,43,7.4,0.6,1.5,ND,52.2,ND,ND,ND,ND,ND,ND,ND,19.8,ND,ND,ND,26.6,14.10,ND,ND,8.1,32.8
974,AOAMBG,Alón de pollo sin piel,1,pieza,55,29,37,6.4,1.0,0.0,ND,5.2,ND,ND,ND,ND,ND,ND,ND,16.6,ND,ND,ND,3.8,5.2,ND,ND,0.3,23.6
975,AOAMBG,Anchoa fresca,30,g,30,30,39,6.1,1.4,0.0,ND,4.6,ND,ND,ND,ND,ND,ND,ND,18.0,ND,ND,ND,44.1,11.0,ND,ND,1.0,31.1
976,AOAMBG,Anillos de calamar,1/4,taza,38,38,34,5.9,0.5,1.2,ND,3.8,ND,ND,ND,ND,ND,ND,ND,87.4,ND,ND,ND,11.9,16.8,ND,ND,0.3,16.3
977,AOAMBG,Armadillo,30,gr,30,21,35,6.1,1.1,0.0,ND,ND,ND,ND,ND,ND,ND,ND,ND,ND,ND,ND,ND,6.3,ND,ND,ND,2.3,ND
978,AOAMBG,Arrachera de avestruz,40,gr,40,40,36,8.2,0.4,0.0,ND,ND,ND,ND,ND,ND,ND,ND,ND,24.0,ND,ND,ND,ND,7.9,ND,ND,ND,32.0
979,AOAMBG,Atún blanco en agua (drenado),1/3,lata,33,33,43,7.9,1.0,0.0,ND,2.0,ND,ND,ND,ND,ND,ND,ND,14.1,ND,ND,ND,4.7,21.9,ND,ND,0.3,125.7
980,AOAMBG,Atún en agua drenado,1/3,lata,33,33,39,8.5,0.3,0.0,ND,5.7,ND,ND,ND,ND,ND,ND,ND,10.0,ND,ND,ND,3.7,26.8,ND,ND,0.5,112.7
981,AOAMBG,Atún fresco,30,gr,30,30,43,7.0,1.5,0.0,ND,196.6,ND,ND,ND,ND,ND,ND,ND,11.3,ND,ND,ND,2.5,11.0,ND,ND,0.3,11.6
982,AOAMBG,Atún horneado,20,gr,20,20,37,6.0,1.3,0.0,ND,151.4,ND,ND,ND,ND,ND,ND,ND,9.9,ND,ND,ND,2.0,9.4,ND,ND,0.3,10.0
983,AOAMBG,Atún lihgt (drenado),1/3,lata,33,33,39,8.5,0.3,0.0,ND,5.7,ND,ND,ND,ND,ND,ND,ND,10.0,ND,ND,ND,3.7,26.8,ND,ND,0.5,112.7
984,AOAMBG,Bacalao enlatado,35,gr,35,35,37,8.0,0.3,0.0,ND,4.9,ND,ND,ND,ND,ND,ND,ND,19.3,ND,ND,ND,7.4,3.0,ND,ND,0.2,76.3
985,AOAMBG,Bacalao fresco,45,gr,45,45,37,8.0,0.3,0.0,ND,5.3,ND,ND,ND,ND,ND,ND,ND,19.4,ND,ND,ND,7.4,14.9,ND,ND,0.2,24.4
986,AOAMBG,Bacalao noruego,15,gr,15,15,44,9.4,0.4,0.0,ND,6.4,ND,ND,ND,ND,ND,ND,ND,22.8,ND,ND,ND,24.0,22.2,ND,ND,0.4,1054.1
987,AOAMBG,Bacalao seco,15,gr,15,15,44,9.4,0.4,0.0,ND,6.4,ND,ND,ND,ND,ND,ND,ND,22.8,ND,ND,ND,24.0,22.2,ND,ND,0.4,1054.1
988,AOAMBG,Bagre,80,gr,80,40,38,7.0,1.1,0.0,ND,ND,ND,ND,ND,ND,ND,ND,ND,30.0,ND,ND,ND,12.8,5.6,ND,ND,0.2,24.0
989,AOAMBG,Bagre fileteado,40,gr,40,40,38,7.0,1.1,0.0,ND,ND,ND,ND,ND,ND,ND,ND,ND,30.0,ND,ND,ND,12.8,5.6,ND,ND,0.2,24.0
990,AOAMBG,Bistec,30,gr,30,30,36,7.2,0.8,0.0,ND,41.7,ND,ND,ND,ND,ND,ND,ND,14.1,ND,ND,ND,2.7,5.7,ND,ND,0.5,18.0
991,AOAMBG,Bistec de res,30,gr,30,30,36,7.2,0.8,0.0,ND,41.7,ND,ND,ND,ND,ND,ND,ND,14.1,ND,ND,ND,2.7,5.7,ND,ND,0.5,18.0
992,AOAMBG,Bola de ternera,35,gr,35,35,41,7.3,1.1,0.0,ND,0.0,ND,ND,ND,ND,ND,ND,ND,27.3,ND,ND,ND,1.8,3.2,ND,ND,0.3,22.1
993,AOAMBG,Boquerón crudo,45,gr,45,36,41,6.4,1.7,0.0,ND,0.0,ND,ND,ND,ND,ND,ND,ND,ND,ND,ND,ND,203.8,5.0,ND,ND,0.4,ND
994,AOAMBG,Boquillacrudo,75,gr,75,38,31,7.5,0.1,0.0,ND,ND,ND,ND,ND,ND,ND,ND,ND,ND,ND,ND,ND,3.8,5.4,ND,ND,ND,ND
995,AOAMBG,Cabeza de pescado,400,gr,400,40,40,8.2,0.5,0.0,ND,12.2,ND,ND,ND,ND,ND,ND,ND,14.6,ND,ND,ND,12.7,5.6,ND,ND,0.1,25.4
996,AOAMBG,Cabrilla,75,gr,75,38,31,7.7,0.0,0.0,ND,ND,ND,ND,ND,ND,ND,ND,ND,ND,ND,ND,ND,5.7,5.4,ND,ND,0.0,ND
997,AOAMBG,Cabrito,25,gr,25,25,36,6.8,0.8,0.0,ND,0.0,ND,ND,ND,ND,ND,ND,ND,18.8,ND,ND,ND,4.3,9.5,ND,ND,0.9,21.5
998,AOAMBG,Calamar americano,45,gr,45,45,41,7.0,0.6,1.4,ND,4.5,ND,ND,ND,ND,ND,ND,ND,104.8,ND,ND,ND,14.3,20.2,ND,ND,0.3,19.6
999,AOAMBG,Calamar crudo,45,gr,45,45,41,7.0,0.6,1.4,ND,4.5,ND,ND,ND,ND,ND,ND,ND,104.8,ND,ND,ND,14.3,20.2,ND,ND,0.3,19.6
1000,AOAMBG,Calamar fresco entero,45,gr,45,45,41,7.0,0.6,1.4,ND,4.5,ND,ND,ND,ND,ND,ND,ND,104.8,ND,ND,ND,14.3,20.2,ND,ND,0.3,19.6
1001,AOAMBG,Calamar fresco limpio,45,gr,45,45,42,8.1,0.6,1.4,ND,4.5,ND,ND,ND,ND,ND,ND,ND,104.8,ND,ND,ND,14.3,20.2,ND,ND,0.3,19.6
1002,AOAMBG,Camarón 16-20,2,pieza,50,40,34,7.1,0.7,0.4,ND,21.6,ND,ND,ND,ND,ND,ND,ND,60.7,ND,ND,ND,20.7,15.2,ND,ND,1.0,59.3
1003,AOAMBG,Camarón cocido,5,pieza,34,34,38,7.3,0.4,0.0,ND,23.1,ND,ND,ND,ND,ND,ND,ND,66.3,ND,ND,ND,13.3,13.5,ND,ND,1.1,76.2
1004,AOAMBG,Camarón crudo mediano,6,pieza,45,36,40,5.0,0.6,0.3,ND,19.5,ND,ND,ND,ND,ND,ND,ND,54.6,ND,ND,ND,18.6,13.7,ND,ND,0.9,53.4
1005,AOAMBG,Camarón de surimi,40,gr,40,40,32,6.5,0.6,3.7,ND,8.0,ND,ND,ND,ND,ND,ND,ND,14.4,ND,ND,ND,7.6,9.2,ND,ND,0.2,282.0
1006,AOAMBG,Camarón enlatado,1/4,taza,32,32,42,8.1,0.4,0.0,ND,0.0,ND,ND,ND,ND,ND,ND,ND,80.6,ND,ND,ND,46.4,15.2,ND,ND,0.7,248.6
1007,AOAMBG,Camarón gigante,2,pieza,50,40,38,7.3,0.7,0.4,ND,21.6,ND,ND,ND,ND,ND,ND,ND,60.7,ND,ND,ND,20.7,15.2,ND,ND,1.0,59.3
1008,AOAMBG,Camarón pacotilla,6,pieza,36,36,33,7.5,0.6,0.3,ND,19.4,ND,ND,ND,ND,ND,ND,ND,54.7,ND,ND,ND,18.7,13.7,ND,ND,0.9,53.3
1009,AOAMBG,Camarón seco,10,gr,10,9,33,7.5,0.2,0.5,ND,1.4,ND,ND,ND,ND,ND,ND,ND,ND,ND,ND,ND,61.6,3.6,ND,ND,0.4,220.5
1010,AOAMBG,Camarón seco salado,10,gr,10,9,42,8.1,0.2,0.5,ND,1.4,ND,ND,ND,ND,ND,ND,ND,ND,ND,ND,ND,61.6,3.6,ND,ND,0.4,220.5
1011,AOAMBG,Camarón U15,2,pieza,50,40,37,7.6,0.7,0.4,ND,21.6,ND,ND,ND,ND,ND,ND,ND,60.7,ND,ND,ND,20.7,15.2,ND,ND,1.0,59.3
1012,AOAMBG,Cangrejo,2,pieza,42,42,41,8.1,0.4,0.0,ND,1.0,ND,ND,ND,ND,ND,ND,ND,32.6,ND,ND,ND,37.6,15.7,ND,ND,0.3,123.0
1013,AOAMBG,Cangrejp cocido,40,gr,40,40,41,8.1,0.7,0.0,ND,0.9,ND,ND,ND,ND,ND,ND,ND,40.0,ND,ND,ND,41.4,16.1,ND,ND,0.4,111.5
1014,AOAMBG,Cangrejo de Alaska,40,gr,40,40,41,8.1,0.7,0.0,ND,2.8,ND,ND,ND,ND,ND,ND,ND,40.0,ND,ND,ND,18.4,14.6,ND,ND,0.2,334.6
1015,AOAMBG,Cangrejo de Alaska cocido,40,gr,40,40,41,8.1,0.7.,0.0,ND,3.8,ND,ND,ND,ND,ND,ND,ND,40.0.,ND,ND,ND,23.5,16.0,ND,ND,0.3,428.8
1016,AOAMBG,Cangrejo enlatado,1/4,taza,34,34,33,6.9,0.4,0.0,ND,0.8,ND,ND,ND,ND,ND,ND,ND,30.2,ND,ND,ND,34.1,10.7,ND,ND,0.3,112.4
1017,AOAMBG,Carne de alce cocida,25,gr,25,25,34,7.3,0.2,0.0,ND,0.0,ND,ND,ND,ND,ND,ND,ND,19.5,ND,ND,ND,1.5,3.2,ND,ND,1.1,17.3
1018,AOAMBG,Carne de armadillo,35,gr,35,25,40,7.1,1.3,0.0,ND,ND,ND,ND,ND,ND,ND,ND,ND,ND,ND,ND,ND,ND,ND,ND,ND,ND,ND
1019,AOAMBG,Carne de avestruz,35,gr,35,35,31,7.1,0.4,0.0,ND,0.0,ND,ND,ND,ND,ND,ND,ND,21.0,ND,ND,ND,ND,6.6,ND,ND,0.0,28.0
1020,AOAMBG,Carne de faisám cruda sin piel,35,gr,35,30,40,7.1,1.1,0.0,ND,15.1,ND,ND,ND,ND,ND,ND,ND,19.9,ND,ND,ND,3.9,4.9,ND,ND,0.3,11.1
1021,AOAMBG,carne de jaiba,40,gr,40,40,39,7.0,1.0,0.4,ND,ND,ND,ND,ND,ND,ND,ND,ND,60.0,ND,ND,ND,18.0,ND,ND,ND,0.3,40.0
1022,AOAMBG,Carne de res seca,11,gr,11,11,43,7.1,1.6,0.1,ND,0.0,ND,ND,ND,ND,ND,ND,ND,ND,ND,ND,ND,10.2,ND,ND,ND,1.1,381.8
1023,AOAMBG,Carne de venado cruda,30,gr,30,27,42,5.9,1.9,0.0,ND,0.0,ND,ND,ND,ND,ND,ND,ND,21.6,ND,ND,ND,3.0,2.7,ND,ND,0.8,20.3
1024,AOAMBG,Carne molida de pavo,30,gr,30,30,33,6.7,0.4,0.0,ND,0.0,ND,ND,ND,ND,ND,ND,ND,12.9,ND,ND,ND,1.4.,9.9,ND,ND,0.1,430.0
1025,AOAMBG,Carne molida de pollo,30,gr,30,30,34,7.0,0.5,0.0,ND,2.4,ND,ND,ND,ND,ND,ND,ND,17.4,ND,ND,ND,3.6,5.3,ND,ND,0.2,20.4
1026,AOAMBG,Carne obscura de pollo cruda,30,gr,30,30,38,6.0,1.3,0.0,ND,6.6,ND,ND,ND,ND,ND,ND,ND,24.0,ND,ND,ND,3.6,4.1,ND,ND,0.3,25.5
1027,AOAMBG,Cazón,60,gr,60,32,42,6.8,1.4,0.0,ND,22.7,ND,ND,ND,ND,ND,ND,ND,16.4,ND,ND,ND,11.1,11.8,ND,ND,0.3,25.5
1028,AOAMBG,Cazón fileteado,33,gr,33,33,43,6.9,1.5,0.0,ND,23.1,ND,ND,ND,ND,ND,ND,ND,16.7,ND,ND,ND,11.3,12.0,ND,ND,0.3,26.0
1029,AOAMBG,Cecina,25,gr,25,25,40,6.0,1.6,0.2,ND,0.6,ND,ND,ND,ND,ND,ND,ND,17.5,ND,ND,ND,8.8,4.7,ND,ND,1.1,275.0
1030,AOAMBG,Cecina enchilada,25,gr,25,25,40,6.0,1.6,0.2,ND,0.6,ND,ND,ND,ND,ND,ND,ND,17.5,ND,ND,ND,8.8,7.1,ND,ND,1.1,275.0
1031,AOAMBG,Chambarete,35,gr,35,33,42,6.8,1.6,0.0,ND,46.2,ND,ND,ND,ND,ND,ND,ND,15.6,ND,ND,ND,3.0,6.6,ND,ND,0.6,20.0
1032,AOAMBG,Chambarete de res,35,gr,35,33,42,6.8,1.6,0.0,ND,46.2,ND,ND,ND,ND,ND,ND,ND,15.6,ND,ND,ND,3.0,6.6,ND,ND,0.6,20.0
1033,AOAMBG,Charales frescos,30,gr,30,27,43,6.8,1.6,0.3,ND,ND,ND,ND,ND,ND,ND,ND,ND,ND,ND,ND,ND,637.2,3.8,ND,ND,ND,ND
1034,AOAMBG,Charales secos,15,gr,15,12,38,8.2,0.5,0.3,ND,ND,ND,ND,ND,ND,ND,ND,ND,ND,ND,ND,ND,480.6,3.4,ND,ND,ND,ND
1035,AOAMBG,Cherna,70,gr,70,38,32,7.3,0.3,0.0,ND,18.9,ND,ND,ND,ND,ND,ND,ND,ND,ND,ND,ND,2.6,5.3,ND,ND,ND,ND
1036,AOAMBG,Chipirón (calamar) crudo,45,gr,45,45,41,7.0,0.6,1.4,ND,4.5,ND,ND,ND,ND,ND,ND,ND,104.6,ND,ND,ND,14.3,20.2,ND,ND,0.3,19.6
1037,AOAMBG,Chuleta ahumada,1/2,pieza,40,34,34,6.1,1.0,0.1,ND,0.0,ND,ND,ND,ND,ND,ND,ND,17.7,ND,ND,ND,3,9.7,ND,ND,0.4,456.8
1038,AOAMBG,Clara de huevo,2,pieza,66,66,32,7.2,0.1,0.5,ND,ND,ND,ND,ND,ND,ND,ND,ND,0.0,ND,ND,ND,4.6,13.2,ND,ND,0.1,109.6
1039,AOAMBG,Clara de huevo en polvo,1 1/2,cucharada,10,10,38,8.1,0.0,0.8,ND,0.0,ND,ND,ND,ND,ND,ND,ND,0.0,ND,ND,ND,6.2,12.5,ND,ND,0.0,158.4
1040,AOAMBG,Corazón de puerco cocido,25,gr,25,25,37,5.9,1.3,0.1,ND,1.7,ND,ND,ND,ND,ND,ND,ND,55.2,ND,ND,ND,1.7,4.6,ND,ND,1.5,8.7
1041,AOAMBG,Corazón de puerco crudo,35,gr,35,35,41,6.0,1.5,0.5,ND,2.8,ND,ND,ND,ND,ND,ND,ND,45.9,ND,ND,ND,1.8,3.6,ND,ND,1.6,19.6
1042,AOAMBG,Corazón de res cocido,25,gr,25,25,41,7.1,1.2,0.0,ND,0.0,ND,ND,ND,ND,ND,ND,ND,53.0,ND,ND,ND,1.3,9.7,ND,ND,1.6,14.8
1043,AOAMBG,Corazón de res crudo,38,gr,38,38,43,6.7,1.5,0.1,ND,0.0,ND,ND,ND,ND,ND,ND,ND,47.1,ND,ND,ND,2.7,8.3,ND,ND,1.6,37.2
1044,AOAMBG,Corazón de ternera cocido,20,gr,20,20,37,5.8,1.4,0.0,ND,0.0,ND,ND,ND,ND,ND,ND,ND,35.2,ND,ND,ND,1.6,10.5,ND,ND,0.9,11.6
1045,AOAMBG,Corazón de ternera crudo,40,gr,40,40,44,6.9,1.6,0.0,ND,0.0,ND,ND,ND,ND,ND,ND,ND,41.6,ND,ND,ND,2.0,13.3,ND,ND,1.7,30.8
1046,AOAMBG,Cuete,45,gr,45,43,41,7.3,1.3,1.3,ND,55.6,ND,ND,ND,ND,ND,ND,ND,20.1,ND,ND,ND,3.8,12.2,ND,ND,0.8,25.7
1047,AOAMBG,Cuete de res,45,gr,45,43,41,7.3,1.3,1.3,ND,55.6,ND,ND,ND,ND,ND,ND,ND,20.1,ND,ND,ND,3.8,12.2,ND,ND,0.8,25.7
1048,AOAMBG,Empuje,33,gr,33,33,37,7.4,0.6,0.0,ND,45.9,ND,ND,ND,ND,ND,ND,ND,15.5,ND,ND,ND,3.0,6.2,ND,ND,0.6,19.8
1049,AOAMBG,Empuje de res,33,gr,33,33,37,7.4,0.6,0.0,ND,45.9,ND,ND,ND,ND,ND,ND,ND,15.5,ND,ND,ND,3.0,6.2,ND,ND,0.6,19.8
1050,AOAMBG,Escalopa de res,30,gr,30,30,34,7.2,0.3,0.0,ND,83.4,ND,ND,ND,ND,ND,ND,ND,14.1,ND,ND,ND,2.7,5.7,ND,ND,0.5,18.0
1051,AOAMBG,Escamoles,18,gr,18,18,32,8.1,0.0,0.0,ND,0.0,ND,ND,ND,ND,ND,ND,ND,0.0,ND,ND,ND,ND,0.0,ND,ND,0.0,0.0
1052,AOAMBG,Extraviado,80,gr,80,41,34,7.9,0.3,0.0,ND,20.4,ND,ND,ND,ND,ND,ND,ND,ND,ND,ND,ND,2.9,5.7,ND,ND,ND,ND
1053,AOAMBG,Extraviado fileteado,41,gr,41,41,34,7.9,0.3,0.0,ND,20.5,ND,ND,ND,ND,ND,ND,ND,ND,ND,ND,ND,2.9,5.7,ND,ND,ND,ND
1054,AOAMBG,Fajitas de pollo sin piel cruda,30,gr,30,30,36,6.2,1.0,0.0,ND,5.1,ND,ND,ND,ND,ND,ND,ND,23.1,ND,ND,ND,3.3,4.1,ND,ND,0.3,26.4
1055,AOAMBG,Falda,35,gr,35,33,35,7.4,0.6,0.0,ND,46.2,ND,ND,ND,ND,ND,ND,ND,15.6,ND,ND,ND,3.0,6.0,ND,ND,0.6,20.0
1056,AOAMBG,Falda abierta,35,gr,35,33,35,7.4,0.6,0.0,ND,46.2,ND,ND,ND,ND,ND,ND,ND,15.6,ND,ND,ND,3.0,6.0,ND,ND,0.6,20.0
1057,AOAMBG,Falda de res,35,gr,35,33,35,7.4,0.6,0.0,ND,46.2,ND,ND,ND,ND,ND,ND,ND,15.6,ND,ND,ND,3.0,6.0,ND,ND,0.6,20.0
1058,AOAMBG,Filete de bandera crudo,40,gr,40,40,36,7.5,0.5,0.0,ND,4.0,ND,ND,ND,ND,ND,ND,ND,19.2,ND,ND,ND,7.1,13.1,ND,ND,0.1,32.4
1059,AOAMBG,Filete de calamar crudo,45,gr,45,45,41,7.0,0.6,1.4,ND,4.5,ND,ND,ND,ND,ND,ND,ND,104.8,ND,ND,ND,14.3,20.2,ND,ND,0.3,19.6
1060,AOAMBG,Filete de cazón crudo,30,gr,30,30,39,6.3,1.3,0.0,ND,21.2,ND,ND,ND,ND,ND,ND,ND,15.2,ND,ND,ND,10.2,4.2,ND,ND,0.3,23.6
1061,AOAMBG,Filete de extraviado,40,gr,40,40,34,7.7,0.3,0.0,ND,20.0,ND,ND,ND,ND,ND,ND,ND,ND,ND,ND,ND,2.8,5.6,ND,ND,ND,ND
1062,AOAMBG,Filete de guachinando,pargo,35,gr,35,35,35,7.2,0.5,0.0,ND,10.5,ND,ND,ND,ND,ND,ND,ND,13.0,ND,ND,ND,11.1,13.4,ND,ND,0.1,22.2
1063,AOAMBG,Filete de guachinando,pargo,35,gr,35,35,35,7.2,0.5,0.0,ND,10.5,ND,ND,ND,ND,ND,ND,ND,13.0,ND,ND,ND,11.1,13.4,ND,ND,0.1,22.2
1064,AOAMBG,Filete de lenguado,45,gr,35,35,35,7.5,0.5,0.0,ND,4.5,ND,ND,ND,ND,ND,ND,ND,20.7,ND,ND,ND,5.4,6.3,ND,ND,0.4,35.1
1065,AOAMBG,Filete de merluza,45,gr,45,45,34,7.5,0.5,0.0,ND,4.5,ND,ND,ND,ND,ND,ND,ND,20.7,ND,ND,ND,5.4,6.3,ND,ND,0.4,35.1
1066,AOAMBG,Filete de mero,40,gr,40,40,34,7.7,0.3,0.0,ND,20.0,ND,ND,ND,ND,ND,ND,ND,ND,ND,ND,ND,2.8,5.6,ND,ND,ND,ND
1067,AOAMBG,Filete de mojarra,40,gr,40,40,40,7.7,1.1,0.0,ND,2.0,ND,ND,ND,ND,ND,ND,ND,ND,ND,ND,ND,6.0,5.6,ND,ND,0.3,ND
1068,AOAMBG,Filete de pescado,40,gr,40,40,36,7.5,0.5,0.0,ND,4.0,ND,ND,ND,ND,ND,ND,ND,19.2,ND,ND,ND,7.1,13.1,ND,ND,0.1,32.4
1069,AOAMBG,Filete de pescado blanco del Nilo,40,gr,40,40,36,7.2,0.6,0.4,ND,20.0,ND,ND,ND,ND,ND,ND,ND,6.0,ND,ND,ND,4.8,5.6,ND,ND,0.1,10.0
1070,AOAMBG,Filete de res,30,gr,30,30,36,7.2,0.8,0.0,ND,41.7,ND,ND,ND,ND,ND,ND,ND,14.1,ND,ND,ND,2.7,5.7,ND,ND,0.5,18.0
1071,AOAMBG,Filete de robalo,40,gr,40,40,35,7.6,0.3,0.0,ND,6.6,ND,ND,ND,ND,ND,ND,ND,22.6,ND,ND,ND,13.2,5.6,ND,ND,0.4,27.3
1072,AOAMBG,Filete de venado,40,gr,40,36,45,7.6,1.4,0.0,ND,0.0,ND,ND,ND,ND,ND,ND,ND,40.3,ND,ND,ND,3.6,3.2,ND,ND,1.6,32.4
1073,AOAMBG,Filete mignón,1/4,pieza,30,30,36,7.2,0.8,0.0,ND,41.7,ND,ND,ND,ND,ND,ND,ND,14.1,ND,ND,ND,2.7,5.7,ND,ND,0.5,18.0
1074,AOAMBG,Filete miñón,1/4,pieza,30,30,36,7.2,0.8,0.0,ND,41.7,ND,ND,ND,ND,ND,ND,ND,14.1,ND,ND,ND,2.7,5.7,ND,ND,0.5,18.0
1075,AOAMBG,Filete tampiqueña,1/4,pieza,30,30,36,7.2,0.8,0.0,ND,41.7,ND,ND,ND,ND,ND,ND,ND,14.1,ND,ND,ND,2.7,5.7,ND,ND,0.5,18.0
1076,AOAMBG,Gallinita de guinea con piel,30,gr,30,25,39,5.8,1.6,0.0,ND,7.0,ND,ND,ND,ND,ND,ND,ND,18.4,ND,ND,ND,2.7,4.1,ND,ND,0.2,16.7
1077,AOAMBG,Gallinita de guinea sin piel,55,gr,55,35,38,7.2,0.9,0.0,ND,4.2,ND,ND,ND,ND,ND,ND,ND,21.8,ND,ND,ND,3.8,6.1,ND,ND,0.3,23.9
1078,AOAMBG,Guachinango,70,gr,70,36,36,7.3,0.5,0.0,ND,10.7,ND,ND,ND,ND,ND,ND,ND,13.2,ND,ND,ND,11.3,13.6,ND,ND,0.1,22.7
1079,AOAMBG,Guachinango cocido,28,gr,28,28,36,7.4,0.5,0.0,ND,9.9,ND,ND,ND,ND,ND,ND,ND,13.2,ND,ND,ND,11.2,13.7,ND,ND,0.1,16.0
1080,AOAMBG,Guachinando crudo fileteado,35,gr,35,35,35,7.2,0.5,0.0,ND,10.5,ND,ND,ND,ND,ND,ND,ND,13.0,ND,ND,ND,11.1,13.4,ND,ND,0.1,22.2
1081,AOAMBG,Gurrubata cruda,80,gr,80,41,41,7.3,1.3,0.0,ND,7.3,ND,ND,ND,ND,ND,ND,ND,24.9,ND,ND,ND,ND,5.7,ND,ND,ND,35.5
1082,AOAMBG,Halibut cocido,27,gr,27,27,38,7.2,0.8,0.0,ND,14.6,ND,ND,ND,ND,ND,ND,ND,11.1,ND,ND,ND,16.2,12.6,ND,ND,0.3,18.7
1083,AOAMBG,Huachinango crudo fileteado,35,gr,35,35,35,7.2,0.5,0.0,ND,10.5,ND,ND,ND,ND,ND,ND,ND,13.0,ND,ND,ND,11.1,13.4,ND,ND,0.1,22.2
1084,AOAMBG,Huachinango cocido,28,gr,28,28,36,7.4,0.5,0.0,ND,9.9,ND,ND,ND,ND,ND,ND,ND,13.2,ND,ND,ND,11.2,13.7,ND,ND,0.1,16.0
1085,AOAMBG,Huachinango crudo ,70,gr,70,36,36,7.3,0.5,0.0,ND,10.7,ND,ND,ND,ND,ND,ND,ND,13.2,ND,ND,ND,11.3,13.6,ND,ND,0.1,22.7
1086,AOAMBG,Huevo de iguana,65,gr,65,58,37,7.2,0.6,0.0,ND,245.9,ND,ND,ND,ND,ND,ND,ND,0.0,ND,ND,ND,248.2,0.0,ND,ND,8.8,0.0
1087,AOAMBG,Iguana,100,gr,100,30,35,7.3,0.3,0.0,ND,67.5,ND,ND,ND,ND,ND,ND,ND,ND,ND,ND,ND,7.5,ND,ND,ND,1.0,ND
1088,AOAMBG,Isabelita,70,gr,70,36,30,7.4,0.1,0.0,ND,ND,ND,ND,ND,ND,ND,ND,ND,ND,ND,ND,ND,4.4,5.1,ND,ND,ND,ND
1089,AOAMBG,Jaiba cocida desmenuzada,1/3,taza,47,47,39,8.1,0.6,0.0,ND,303.8,ND,ND,ND,ND,ND,ND,ND,36.4,ND,ND,ND,20.1,6.5,ND,ND,0.4,19.1
1090,AOAMBG,jaiba cocida entera,75,gr,75,40,34,7.0,0.5,0.0,ND,263.3,ND,ND,ND,ND,ND,ND,ND,31.5,ND,ND,ND,17.4,5.7,ND,ND,0.3,16.6
1091,AOAMBG,jaiba cruda,40,gr,40,40,39,7.0,1.0,0.4,ND,ND,ND,ND,ND,ND,ND,ND,ND,60.0,ND,ND,ND,18.0,ND,ND,ND,0.3,40.0
1092,AOAMBG,Jorobado lamparosa,70,gr,70,36,34,7.4,0.5,0.0,ND,ND,ND,ND,ND,ND,ND,ND,ND,ND,ND,ND,ND,4.6,5.0,ND,ND,ND,ND
1093,AOAMBG,Jugo de almeja,7,taza,1680,1680,35,7.0,0.3,1.4,ND,154.0,ND,ND,ND,ND,ND,ND,ND,49.0,ND,ND,ND,217.0,68.9,ND,ND,5.0,3612.0
1094,AOAMBG,Langosta,100,gr,100,40,36,7.5,0.4,0.2,ND,8.5,ND,ND,ND,ND,ND,ND,ND,38.0,ND,ND,ND,19.3,16.6,ND,ND,0.1,118.6
1095,AOAMBG,Langosta cocida,35,gr,35,35,34,7.2,0.2,0.5,ND,9.1,ND,ND,ND,ND,ND,ND,ND,25.1,ND,ND,ND,21.4,14.9,ND,ND,0.1,133.0
1096,AOAMBG,langostino,110,gr,110,50,34,7.2,0.6,0.0,ND,ND,ND,ND,ND,ND,ND,ND,ND,78.2,ND,ND,ND,3.8,19.8,ND,ND,0.7,181.2
1097,AOAMBG,Lenguado,90,gr,90,45,34,7.5,0.5,0.0,ND,4.5,ND,ND,ND,ND,ND,ND,ND,20.7,ND,ND,ND,5.4,6.3,ND,ND,0.4,35.1
1098,AOAMBG,Lenguado fileteado,45,gr,45,45,34,7.5,0.5,0.0,ND,4.5,ND,ND,ND,ND,ND,ND,ND,20.7,ND,ND,ND,5.4,6.3,ND,ND,0.4,35.1
1099,AOAMBG,Liebre,50,gr,50,33,44,6.8,1.6,0.0,ND,ND,ND,ND,ND,ND,ND,ND,ND,21.1,ND,ND,ND,3.9,12.5,ND,ND,1.0,14.0
1100,AOAMBG,Lisa churra cabezuda,70,gr,70,36,40,7.0,1.3,0.0,ND,ND,ND,ND,ND,ND,ND,ND,ND,17.5,ND,ND,ND,9.3,5.0,ND,ND,0.6,28.9
1101,AOAMBG,Lomo canadiense,3,rebanada,45,45,45,8.0,1.4,0.4,ND,0.0,ND,ND,ND,ND,ND,ND,ND,23.5,ND,ND,ND,3.9,12.8,ND,ND,0.5,604.6
1102,AOAMBG,Lomo de venado,40,gr,40,36,42,7.3,1.2,0.0,ND,0.0,ND,ND,ND,ND,ND,ND,ND,28.8,ND,ND,ND,6.1,3.2,ND,ND,0.3,32.8
1103,AOAMBG,Machaca,1/3,sobre,13,13,44,6.0,1.2,0.0,ND,ND,ND,ND,ND,ND,ND,ND,ND,21.4,ND,ND,ND,ND,ND,ND,ND,ND,252.3
1104,AOAMBG,Machacado de res,15,gr,15,15,50,6.7,1.3,0.0,ND,ND,ND,ND,ND,ND,ND,ND,ND,24.1,ND,ND,ND,ND,ND,ND,ND,ND,283.8
1105,AOAMBG,Maciza de res,25,gr,25,25,35,5.2,1.6,0.0,ND,1.5,ND,ND,ND,ND,ND,ND,ND,15.5,ND,ND,ND,1.5,4.7,ND,ND,0.6,15.8
1106,AOAMBG,Maciza de res en trozo,25,gr,25,25,35,5.2,1.6,0.0,ND,1.5,ND,ND,ND,ND,ND,ND,ND,15.5,ND,ND,ND,1.5,4.7,ND,ND,0.6,15.8
1107,AOAMBG,Medallón de filete,1/4,pieza,30,30,36,7.2,0.8,0.0,ND,41.7,ND,ND,ND,ND,ND,ND,ND,14.1,ND,ND,ND,2.7,5.7,ND,ND,0.5,18.0
1108,AOAMBG,Medallón de filete de res,30,gr,30,30,36,7.2,0.8,0,ND,41.7,ND,ND,ND,ND,ND,ND,ND,14.1,ND,ND,ND,2.7,5.7,ND,ND,0.5,18
1109,AOAMBG,Mejillones sin concha cocidos,25,gr,25,25,43,5.9,1.1,1.9,ND,22.6,ND,ND,ND,ND,ND,ND,ND,14.1,ND,ND,ND,8.2,22.4,ND,ND,1.7,92.4
1110,AOAMBG,Mejillones sin concha crudos,1/3,taza,50,50,43,5.9,1.1,1.8,ND,23.8,ND,ND,ND,ND,ND,ND,ND,13.9,ND,ND,ND,12.9,22.2,ND,ND,2.0,141.6
1111,AOAMBG,Menudencia de pollo cruda,35,gr,35,35,43,6.3,1.6,0.6,ND,930.0,ND,ND,ND,ND,ND,ND,ND,91.7,ND,ND,ND,3.5,19.3,ND,ND,2.1,27.0
1112,AOAMBG,Menudencias de pavo,25,gr,25,25,42,6.7,1.3,0.5,ND,448.8,ND,ND,ND,ND,ND,ND,ND,104.5,ND,ND,ND,3.3,23.4,ND,ND,1.7,14.8
1113,AOAMBG,Menudencias de pollo cocidas,25,gr,25,25,40,6.8,1.1,0.1,ND,438.3,ND,ND,ND,ND,ND,ND,ND,110.5,ND,ND,ND,3.5,14.9,ND,ND,1.8,16.8
1114,AOAMBG,Merluza,85,gr,85,43,33,7.2,0.4,0.0,ND,4.3,ND,ND,ND,ND,ND,ND,ND,19.9,ND,ND,ND,5.2,6.1,ND,ND,0.3,33.8
1115,AOAMBG,Merluza fileteada,45,gr,45,45,34,7.5,0.5,0.0,ND,4.5,ND,ND,ND,ND,ND,ND,ND,20.7,ND,ND,ND,5.4,6.3,ND,ND,0.4,35.1
1116,AOAMBG,Mero cocido,30,gr,30,30,35,7.5,0.4,0.0,ND,15.0,ND,ND,ND,ND,ND,ND,ND,14.1,ND,ND,ND,6.3,14.0,ND,ND,0.3,15.9
1117,AOAMBG,Mero crudo,80,gr,80,41,34,7.9,0.3,0.0,ND,20.4,ND,ND,ND,ND,ND,ND,ND,ND,ND,ND,ND,2.9,5.7,ND,ND,ND,ND
1118,AOAMBG,Mero crudo fileteado,40,gr,40,40,34,7.7,0.3,0.0,ND,20.0,ND,ND,ND,ND,ND,ND,ND,ND,ND,ND,ND,2.8,5.6,ND,ND,ND,ND
1119,AOAMBG,Milanesa de avestruz,35,gr,35,35,31,7.1,0.4,0.0,ND,ND,ND,ND,ND,ND,ND,ND,ND,21.0,ND,ND,ND,ND,6.6,ND,ND,ND,ND
1120,AOAMBG,Milanesa de pollo,30,gr,30,30,34,7.0,0.5,0.0,ND,2.4,ND,ND,ND,ND,ND,ND,ND,17.4,ND,ND,ND,3.6,5.3,ND,ND,0.2,20.4
1121,AOAMBG,Milanesa de res,30,gr,30,30,36,7.2,0.8,0.0,ND,41.7,ND,ND,ND,ND,ND,ND,ND,14.1,ND,ND,ND,2.7,5.7,ND,ND,0.5,18.0
1122,AOAMBG,Mojarra cruda fileteada,35,gr,35,35,34,7.0,0.6,0.0,ND,0.0,ND,ND,ND,ND,ND,ND,ND,17.5,ND,ND,ND,3.5,14.6,ND,ND,0.2,18.2
1123,AOAMBG,Mojarra tilapia cruda,1/3,pieza,73,37,35,7.4,0.6,0.0,ND,0.0,ND,ND,ND,ND,ND,ND,ND,18.3,ND,ND,ND,3.7,15.3,ND,ND,0.2,19.1
1124,AOAMBG,Molida de pollo,30,gr,30,30,34,7.0,0.5,0.0,ND,2.4,ND,ND,ND,ND,ND,ND,ND,17.4,ND,ND,ND,3.6,3.6,ND,ND,0.2,20.4
1125,AOAMBG,Molleja de pollo cocida,25,gr,25,25,37,7.6,0.7,0.0,ND,0.0,ND,ND,ND,ND,ND,ND,ND,92.5,ND,ND,ND,4.3,10.3,ND,ND,0.8,14.0
1126,AOAMBG,Pancita de res,45,gr,45,43,40,6.2,1.7,0.0,ND,9.0,ND,ND,ND,ND,ND,ND,ND,40.6,ND,ND,ND,25.7,5.3,ND,ND,0.9,19.7
1127,AOAMBG,Pargo,70,gr,70,36,37,7.5,0.7,0.0,ND,ND,ND,ND,ND,ND,ND,ND,ND,15.7,ND,ND,ND,6.1,5.0,ND,ND,0.3,23.9
1128,AOAMBG,Pargo fileteado,35,gr,35,35,36,7.4,0.7,0.0,ND,ND,ND,ND,ND,ND,ND,ND,ND,15.4,ND,ND,ND,6.0,4.9,ND,ND,0.3,23.5
1129,AOAMBG,Pata de res,120,gr,120,55,44,6.7,1.6,0.0,ND,ND,ND,ND,ND,ND,ND,ND,ND,ND,ND,ND,ND,55.8,ND,ND,ND,1.1,ND
1130,AOAMBG,Pechuga de pavo,1 1/2,rebanada,32,32,35,7.1,0.5,0.0,ND,0.0,ND,ND,ND,ND,ND,ND,ND,13.5,ND,ND,ND,1.5,9.7,ND,ND,0.1,451.5
1131,AOAMBG,Pechuga de pavo ahumada,1 1/2,rebanada,34,34,32,6.7,0.3,0.5,ND,0.0,ND,ND,ND,ND,ND,ND,ND,15.0,ND,ND,ND,5.3,9.8,ND,ND,0.5,402.8
1132,AOAMBG,Pechuga de pavo ahumada bajo en grasa,2,rebanada,42,42,33,6.3,0.2,1.5,ND,0.0,ND,ND,ND,ND,ND,ND,ND,12.9,ND,ND,ND,4.0,12.2,ND,ND,0.3,459.6
1133,AOAMBG,Pechuda de pollo sin pile aplanada,30,gr,30,30,48,8.7,1.2,0.0,ND,2.4,ND,ND,ND,ND,ND,ND,ND,23.1,ND,ND,ND,3.9,6.7,ND,ND,0.3,19.5
1134,AOAMBG,Pechuga de pollo ahumada,2,rebanada,42,42,33,6.9,0.1,1.1,ND,0.0,ND,ND,ND,ND,ND,ND,ND,15.0,ND,ND,ND,1.0,10.9,ND,ND,0.1,452.0
1135,AOAMBG,Pechuga de pollo deshuesada sin piel cruda,30,gr,30,30,34,7.0,0.5,0.0,ND,2.4,ND,ND,ND,ND,ND,ND,ND,17.4,ND,ND,ND,3.6,5.3,ND,ND,0.2,20.4
1136,AOAMBG,Pechuga de pollo sin piel,30,gr,30,27,31,6.3,0.4,0.0,ND,2.2,ND,ND,ND,ND,ND,ND,ND,15.7,ND,ND,ND,3.2,4.8,ND,ND,0.2,18.4
1137,AOAMBG,Pechuga de pollo sin piel a la plancha,30,gr,30,30,48,8.7,1.2,0.0,ND,2.4,ND,ND,ND,ND,ND,ND,ND,23.1,ND,ND,ND,3.9,6.7,ND,ND,0.3,19.5
1138,AOAMBG,Pechuga de pollo sin piel asada,30,gr,30,30,48,8.7,1.2,0.0,ND,2.4,ND,ND,ND,ND,ND,ND,ND,23.1,ND,ND,ND,3.9,6.7,ND,ND,0.3,19.5
1139,AOAMBG,Pechuga de pollo sin piel cocida,30,gr,30,30,48,8.7,1.2,0.0,ND,2.4,ND,ND,ND,ND,ND,ND,ND,23.1,ND,ND,ND,3.9,6.7,ND,ND,0.3,19.5
1140,AOAMBG,Pechuga de pollo sin piel cruda,40,gr,40,34,39,7.9,0.6,0.0,ND,2.7,ND,ND,ND,ND,ND,ND,ND,19.7,ND,ND,ND,4.1,6.1,ND,ND,0.2,23.1
1141,AOAMBG,Pechuga de pollo sin piel en brocheta cruda,30,gr,30,30,34,7.0,0.5,0.0,ND,2.4,ND,ND,ND,ND,ND,ND,ND,17.4,ND,ND,ND,3.6,5.3,ND,ND,0.2,20.4
1142,AOAMBG,Pechuga de pollo sin piel en fajitas cruda,30,gr,30,30,34,7.0,0.5,0.0,ND,2.4,ND,ND,ND,ND,ND,ND,ND,17.4,ND,ND,ND,3.6,5.3,ND,ND,0.2,20.4
1143,AOAMBG,Pechuga de pollo sin piel horneada rebanada,2,rebanada,42,42,41,8.2,0.3,1.6,ND,0.0,ND,ND,ND,ND,ND,ND,ND,21.5,ND,ND,ND,3.7,11.0,ND,ND,0.5,479.7
1144,AOAMBG,Pechuga de pollo sin piel molida cruda,30,gr,30,30,34,7.0,0.5,0.0,ND,2.4,ND,ND,ND,ND,ND,ND,ND,17.4,ND,ND,ND,3.6,5.3,ND,ND,0.2,20.4
1145,AOAMBG,Pechuga sin piel deshebrada,30,gr,30,30,34,7.0,0.5,0.0,ND,2.4,ND,ND,ND,ND,ND,ND,ND,17.4,ND,ND,ND,3.6,5.3,ND,ND,0.2,20.4
1146,AOAMBG,Pechuga sin piel desmenuzada,30,gr,30,30,34,7.0,0.5,0.0,ND,2.4,ND,ND,ND,ND,ND,ND,ND,17.4,ND,ND,ND,3.6,5.3,ND,ND,0.2,20.4
1147,AOAMBG,Pechuga sin pile molida,30,gr,30,30,34,7.0,0.5,0.0,ND,2.4,ND,ND,ND,ND,ND,ND,ND,17.4,ND,ND,ND,3.6,5.3,ND,ND,0.2,20.4
1148,AOAMBG,Perca cocida,30,gr,30,30,35,7.4,0.4,0.0,ND,3.0,ND,ND,ND,ND,ND,ND,ND,34.6,ND,ND,ND,30.7,4.8,ND,ND,0.3,23.6
1149,AOAMBG,Perca cruda,75,gr,38,38,35,7.4,0.4,0.0,ND,3.6,ND,ND,ND,ND,ND,ND,ND,34.4,ND,ND,ND,30.6,4.8,ND,ND,0.3,23.9
1150,AOAMBG,Perca fileteada,38,gr,38,38,34,7.4,0.4,0.0,ND,3.6,ND,ND,ND,ND,ND,ND,ND,34.2,ND,ND,ND,30.4,4.8,ND,ND,0.3,23.7
1151,AOAMBG,Pescado blanco ahumado,32,gr,32,32,35,7.5,0.3,0.0,ND,18.2,ND,ND,ND,ND,ND,ND,ND,10.5,ND,ND,ND,5.6,4.3,ND,ND,0.2,326.1
1152,AOAMBG,Pescado en trozo,75,gr,75,39,35,7.3,0.5,0.0,ND,3.9,ND,ND,ND,ND,ND,ND,ND,18.7,ND,ND,ND,6.9,12.8,ND,ND,0.1,31.6
1153,AOAMBG,Pescado entero,75,gr,75,39,35,7.3,0.5,0.0,ND,3.9,ND,ND,ND,ND,ND,ND,ND,18.7,ND,ND,ND,6.9,12.8,ND,ND,0.1,31.6
1154,AOAMBG,Pescado fileteado,40,gr,40,40,36,7.5,0.5,0.0,ND,4.0,ND,ND,ND,ND,ND,ND,ND,19.2,ND,ND,ND,7.1,13.1,ND,ND,0.1,32.4
1155,AOAMBG,Pescado rebenado,75,gr,75,39,35,7.3,0.5,0.0,ND,3.9,ND,ND,ND,ND,ND,ND,ND,18.7,ND,ND,ND,6.9,12.8,ND,ND,0.1,31.6
1156,AOAMBG,Pescado seco tipo bacalao,13,gr,13,12,34,7.4,0.3,0.0,ND,5.0,ND,ND,ND,ND,ND,ND,ND,17.8,ND,ND,ND,18.7,17.3,ND,ND,0.3,822.2
1157,AOAMBG,Pez espada cocido,28,gr,28,28,43,7.1,1.4,0.0,ND,11.5,ND,ND,ND,ND,ND,ND,ND,14.0,ND,ND,ND,1.6,17.3,ND,ND,0.3,32.3
1158,AOAMBG,Pez espada crudo,55,gr,55,36,43,7.1,1.4,0.0,ND,13.0,ND,ND,ND,ND,ND,ND,ND,13.9,ND,ND,ND,1.3,17.2,ND,ND,0.3,32.2
1159,AOAMBG,Pez espada crudo fileteado,38,gr,38,36,44,7.1,1.4,0.0,ND,13.2,ND,ND,ND,ND,ND,ND,ND,14.0,ND,ND,ND,1.3,17.4,ND,ND,0.3,32.5
1160,AOAMBG,Pez espada crudo rebanado,55,gr,55,36,43,7.1,1.4,0.0,ND,13.0,ND,ND,ND,ND,ND,ND,ND,13.9,ND,ND,ND,1.3,17.2,ND,ND,0.3,32.2
1161,AOAMBG,Pollo crudo sin piel,40,gr,40,26,48,4.6,3.1,0.0,ND,10.5,ND,ND,ND,ND,ND,ND,ND,21.2,ND,ND,ND,2.8,6.0,ND,ND,0.2,17.9
1162,AOAMBG,Pollo crudo sin piel en piezas,40,gr,40,26,49,4.7,3.2,0.0,ND,9.4,ND,ND,ND,ND,ND,ND,ND,21.6,ND,ND,ND,2.6,6.1,ND,ND,0.3,20.5
1163,AOAMBG,Pollo deshebrado,1/4,taza,38,38,43,8.7,0.6,0.0,ND,30.0,ND,ND,ND,ND,ND,ND,ND,21.8,ND,ND,ND,4.5,2.1,ND,ND,0.3,25.5
1164,AOAMBG,Pollo sin piel cocido,30,gr,30,30,48,8.7,1.2,0.0,ND,2.4,ND,ND,ND,ND,ND,ND,ND,23.1,ND,ND,ND,3.9,6.7,ND,ND,0.3,19.5
1165,AOAMBG,Proteina aislada de soya,10,gr,10,10,34,8.1,0.3,0.7,ND,28.0,ND,ND,ND,ND,ND,ND,ND,1.6,ND,ND,ND,17.8,0.1,ND,ND,1.5,100.5
1166,AOAMBG,Proteina concentrda de soya,10,gr,10,10,33,5.8,0.0,3.1,ND,0.0,ND,ND,ND,ND,ND,ND,ND,0.0,ND,ND,ND,36.3,0.1,ND,ND,1.1,0.3
1167,AOAMBG,Pulmón de cerdo,55,gr,55,48,41,6.7,1.3,0.0,ND,0.0,ND,ND,ND,ND,ND,ND,ND,153.1,ND,ND,ND,3.3,8.5,ND,ND,9.0,73.2
1168,AOAMBG,Pulpa de jaiba,1/3,taza,46,46,38,8.0,0.6,0.0,ND,300.8,ND,ND,ND,ND,ND,ND,ND,36.0,ND,ND,ND,19.9,6.5,ND,ND,0.4,18.9
1169,AOAMBG,Pulpo cocido,25,gr,25,25,41,7.5,0.5,1.1,ND,22.5,ND,ND,ND,ND,ND,ND,ND,24.1,ND,ND,ND,26.5,22.4,ND,ND,2.4,115.0
1170,AOAMBG,Pilopo crudo,45,gr,45,45,37,6.7,0.5,1.0,ND,20.1,ND,ND,ND,ND,ND,ND,ND,21.7,ND,ND,ND,23.8,20.2,ND,ND,2.4,103.5
1171,AOAMBG,Puntas de filete,30,gr,30,30,36,7.2,0.8,0.0,ND,41.7,ND,ND,ND,ND,ND,ND,ND,14.1,ND,ND,ND,2.7,5.7,ND,ND,0.5,18.0
1172,AOAMBG,Puntas de res,30,gr,30,30,36,7.2,0.8,0.0,ND,41.7,ND,ND,ND,ND,ND,ND,ND,14.1,ND,ND,ND,2.7,5.7,ND,ND,0.5,18.0
1173,AOAMBG,Queso Cotagge Lala Light,30,gr,30,30,35,6.5,0.5,1.0,ND,ND,ND,ND,ND,ND,ND,ND,ND,ND,ND,ND,ND,ND,ND,ND,ND,ND,200.0
1174,AOAMBG,Queso cottage,3,cucharada,48,48,43,6.6,0.9,1.7,ND,10.1,ND,ND,ND,ND,ND,ND,ND,4.0,ND,ND,ND,32.9,4.9,ND,ND,0.1,195.0
1175,AOAMBG,Queso cottage 1% grasa,1/2,taza,57,57,41,7.0,0.6,1.5,ND,6.3,ND,ND,ND,ND,ND,ND,ND,2.5,ND,ND,ND,34.5,5.1,ND,ND,0.1,229.5
1176,AOAMBG,Queso cottage 2% grasa,3,cucharada,48,48,43,6.6,0.9,1.7,ND,10.1,ND,ND,ND,ND,ND,ND,ND,4.0,ND,ND,ND,32.9,4.9,ND,ND,0.1,195.0
1177,AOAMBG,Queso cottage bajo en grasa,1/4,taza,57,57,41,7.0,0.6,1.5,ND,6.3,ND,ND,ND,ND,ND,ND,ND,2.5,ND,ND,ND,34.5,5.1,ND,ND,0.1,229.5
1178,AOAMBG,Queso Mozzarella cero grasa,1,rebanada,28,28,39,8.9,0.0,1.0,ND,36.0,ND,ND,ND,ND,ND,ND,ND,5.0,ND,ND,ND,26.9,0.0,ND,ND,0.1,208.0
1179,AOAMBG,Queso suizo muy bajo en grasa,1,rebanada,28,28,50,8.0,1.4,1.0,ND,11.0,ND,ND,ND,ND,ND,ND,ND,10.0,ND,ND,ND,26.9,0.0,ND,ND,0.1,73.0
1180,AOAMBG,Retazo de pescado crudo,350,gr,350,35,35,7.2,5.0,0.0,ND,10.7,ND,ND,ND,ND,ND,ND,ND,12.8,ND,ND,ND,11.1,4.9,ND,ND,0.1,22.2
1181,AOAMBG,Riñones de carnero crudos,40,gr,40,36,39,6.5,1.2,0.3,ND,108.0,ND,ND,ND,ND,ND,ND,ND,135.0,ND,ND,ND,14.4,78.8,ND,ND,1.5,0.0
1182,AOAMBG,Riñones de cerdo cocidos,28,gr,28,28,42,7.1,1.3,0.0,ND,21.8,ND,ND,ND,ND,ND,ND,ND,134.4,ND,ND,ND,3.6,87.2,ND,ND,1.5,22.4
1183,AOAMBG,Riñones de res cocidos,25,gr,25,25,40,6.8,1.2,0.0,ND,0.0,ND,ND,ND,ND,ND,ND,ND,179.0,ND,ND,ND,4.8,42.0,ND,ND,1.5,23.5
1184,AOAMBG,Riñones de ternera cocidos,25,gr,25,25,41,6.6,1.4,0.0,ND,50.3,ND,ND,ND,ND,ND,ND,ND,197.8,ND,ND,ND,7.3,25.0,ND,ND,0.8,27.5
1185,AOAMBG,Roast beef,2 1/2,rebanada,33,33,36,6.6,0.9,0.5,ND,0.0,ND,ND,ND,ND,ND,ND,ND,15.6,ND,ND,ND,1.9,6.4,ND,ND,0.6,328.8
1186,AOAMBG,Robalo cocido,30,gr,30,30,34,7.3,0.3,0.0,ND,5.6,ND,ND,ND,ND,ND,ND,ND,22.2,ND,ND,ND,12.7,12.2,ND,ND,0.4,26.1
1187,AOAMBG,Robaalo crudo,75,gr,75,38,33,7.2,0.3,0.0,ND,6.5,ND,ND,ND,ND,ND,ND,ND,21.8,ND,ND,ND,12.6,11.6,ND,ND,0.4,26.1
1188,AOAMBG,Robalo fileteado,40,gr,40,40,35,7.6,0.3,0.0,ND,6.8,ND,ND,ND,ND,ND,ND,ND,22.8,ND,ND,ND,13.2,12.1,ND,ND,0.4,27.3
1189,AOAMBG,Salmón ahumado,35,gr,35,35,41,6.4,1.5,0.0,ND,9.1,ND,ND,ND,ND,ND,ND,ND,8.1,ND,ND,ND,3.7,11.3,ND,ND,0.3,274.4
1190,AOAMBG,Sast orugas,65,gr,65,65,35,7.0,0.8,0.0,ND,14.3,ND,ND,ND,ND,ND,ND,ND,ND,ND,ND,ND,35.1,ND,ND,ND,2.7,ND
1191,AOAMBG,Surimi,2/3,barra,40,40,39,6.0,0.4,2.7,ND,7.9,ND,ND,ND,ND,ND,ND,ND,11.9,ND,ND,ND,3.7,11.1,ND,ND,0.1,56.6
1192,AOAMBG,Suirimi imitacion camaron,40,gr,40,40,40,4.9,0.6,3.7,ND,8.0,ND,ND,ND,ND,ND,ND,ND,14.6,ND,ND,ND,7.5,9.2,ND,ND,0.2,282.0
1193,AOAMBG,Tampiqueña,1/4,pieza,30,30,36,7.2,0.8,0.0,ND,41.7,ND,ND,ND,ND,ND,ND,ND,14.1,ND,ND,ND,2.7,5.7,ND,ND,0.5,18.0
1194,AOAMBG,Tampiqueña de filete,1/4,pieza,30,30,36,7.2,0.8,0.0,ND,41.7,ND,ND,ND,ND,ND,ND,ND,14.1,ND,ND,ND,2.7,5.7,ND,ND,0.5,18.0
1195,AOAMBG,Trucha fresca,35,gr,35,35,42,7.2,1.2,0.0,ND,6.6,ND,ND,ND,ND,ND,ND,ND,20.6,ND,ND,ND,23.5,,ND,ND,0.2,10.7
1196,AOAMBG,Venado cocido  (carne magra),25,gr,25,23,42,6.0,1.8,0.0,ND,0.0,ND,ND,ND,ND,ND,ND,ND,22.1,ND,ND,ND,3.2,2.3,ND,ND,0.8,17.6
1197,AOAMBG,Venado crudo     (carne magra),30,gr,30,27,42,5.9,1.9,0.0,ND,0.0,ND,ND,ND,ND,ND,ND,ND,21.6,ND,ND,ND,3.0,2.7,ND,ND,0.8,20.3
1198,AOABG,Aguja de res,35,gr,35,33,51,6.8,2.6,0.0,ND,77.5,ND,ND,ND,ND,ND,ND,ND,20.6,ND,ND,ND,3.0,6.6,ND,ND,0.6,20.9
1199,AOABG,Anchoa con aceite,6,pieza,24,24,50,7.0,2.6,0.0,ND,2.9,ND,ND,ND,ND,ND,ND,ND,20.4,ND,ND,ND,55.7,16.3,ND,ND,1.1,880.3
1200,AOABG,Arenque cocido,25,g,25,25,51,5.8,2.9,0.0,ND,9.0,ND,ND,ND,ND,ND,ND,ND,19.3,ND,ND,ND,18.5,11.7,ND,ND,0.4,28.8
1201,AOABG,Arenque fresco crudo,35,g,35,35,55,6.3,3.2,0.0,ND,9.8,ND,ND,ND,ND,ND,ND,ND,21.0,ND,ND,ND,20.0,12.8,ND,ND,0.4,31.5
1202,AOABG,Arrachera cruda,35,g,35,35,49,7.5,1.9,0.0,ND,0.0,ND,ND,ND,ND,ND,ND,ND,11.6,ND,ND,ND,8.4,9.2,ND,ND,0.5,19.3
1203,AOABG,Arrachera de res cruda,30,g,30,30,56,8.4,2.2,0.0,ND,0.0,ND,ND,ND,ND,ND,ND,ND,14.7,ND,ND,ND,5.4,9.6,ND,ND,0.5,17.1
1204,AOABG,Atún blanco en aceite,30,g,30,30,56,8.0,2.4,0.0,ND,1.2,ND,ND,ND,ND,ND,ND,ND,7.0,ND,ND,ND,0.8,18.0,ND,ND,0.1,91.2
1205,AOABG,Atún en aceite drenado,1/3,lata,33,33,66,9.7,2.7,0.0,ND,7.7,ND,ND,ND,ND,ND,ND,ND,10.3,ND,ND,ND,4.3,25.3,ND,ND,0.5,118.0
1206,AOABG,Barbacoa,50,g,50,40,54,7.6,2.4,0.0,ND,0.0,ND,ND,ND,ND,ND,ND,ND,26.0,ND,ND,ND,2.8,15.2,ND,ND,0.9,30.0
1207,AOABG,Barbacoa con hueso,65,g,65,38,51,7.2,2.3,0.0,ND,0.0,ND,ND,ND,ND,ND,ND,ND,24.5,ND,ND,ND,2.6,14.3,ND,ND,0.8,28.3
1208,AOABG,Bistec de ternera,35,g,35,35,55,6.9,2.8,0.0,ND,0.0,ND,ND,ND,ND,ND,ND,ND,31.5,ND,ND,ND,3.9,5.5,ND,ND,1.1,31.5
1209,AOABG,Bonito,60,g,60,31,51,7.3,2.2,0.0,ND,0.0,ND,ND,ND,ND,ND,ND,ND,0.0,ND,ND,ND,8.0,4.3,ND,ND,0.2,12.2
1210,AOABG,Bonito en aceite,25,g,25,25,55,7.3,2.9,0.0,ND,0.0,ND,ND,ND,ND,ND,ND,ND,11.7,ND,ND,ND,7.2,4.0,ND,ND,0.3,0.0
1211,AOABG,Bonito filereado,30,g,30,30,50,7.2,2.2,0.0,ND,0.0,ND,ND,ND,ND,ND,ND,ND,0.0,ND,ND,ND,7.8,4.2,ND,ND,0.2,12.0
1212,AOABG,Cabeza de carnero cocida,495,g,495,50,55,7.0,2.8,0.0,ND,0.0,ND,ND,ND,ND,ND,ND,ND,32.2,ND,ND,ND,8.4,18.8,ND,ND,1.0,37.1
1213,AOABG,Cabeza de cerdo,495,g,495,50,55,7.0,2.8,0.0,ND,0.0,ND,ND,ND,ND,ND,ND,ND,32.2,ND,ND,ND,8.4,14.1,ND,ND,1.0,37.1
1214,AOABG,Calamar frito,35,g,35,35,61,6.3,2.6,2.7,ND,3.7,ND,ND,ND,ND,ND,ND,ND,91.0,ND,ND,ND,13.6,15.7,ND,ND,0.4,107.1
1215,AOABG,Carne de cerdo,40,g,40,40,56,7.9,2.5,0.0,ND,0.4,ND,ND,ND,ND,ND,ND,ND,26.0,ND,ND,ND,2.4,13.2,ND,ND,0.5,32.8
1216,AOABG,Carne de cerdo molida,40,g,40,40,56,7.9,2.5,0.0,ND,0.4,ND,ND,ND,ND,ND,ND,ND,26.0,ND,ND,ND,2.4,11.4,ND,ND,0.5,32.8
1217,AOABG,Carne de ganzo de crianza,40,g,40,32,52,7.4,2.3,0.0,ND,3.9,ND,ND,ND,ND,ND,ND,ND,27.2,ND,ND,ND,4.2,5.4,ND,ND,0.8,28.2
1218,AOABG,Carne de pato de crianza,60,g,60,39,51,7.1,2.3,0.0,ND,9.4,ND,ND,ND,ND,ND,ND,ND,30,ND,ND,ND,4.3,5.4,ND,ND,0.9,28.9
1219,AOABG,Carne de res (promedio),30,g,30,30,54,6.2,3,0.0,ND,1.8,ND,ND,ND,ND,ND,ND,ND,19.5,ND,ND,ND,3.6,5.9,ND,ND,0.9,19.5
1220,AOABG,Carne de ternera,35,g,35,35,55,6.9,2.8,0.0,ND,0.0,ND,ND,ND,ND,ND,ND,ND,31.5,ND,ND,ND,3.9,5.5,ND,ND,1.1,31.5
1221,AOABG,Carne molida de cerdo,40,g,40,40,56,7.9,2.5,0.0,ND,0.4,ND,ND,ND,ND,ND,ND,ND,26.0,ND,ND,ND,2.4,9.8,ND,ND,0.5,32.8
1222,AOABG,Carne promedio,30,g,30,29,51,5.9,2.9,0.0,ND,1.7,ND,ND,ND,ND,ND,ND,ND,18.5,ND,ND,ND,3.4,5.7,ND,ND,0.9,18.5
1223,AOABG,Carnero,50,g,50,40,54,7.6,2.4,0.0,ND,0.0,ND,ND,ND,ND,ND,ND,ND,26.0,ND,ND,ND,2.8,15.2,ND,ND,0.9,30.0
1224,AOABG,Carnero con hueso,65,g,65,38,51,7.2,2.3,0.0,ND,0.0,ND,ND,ND,ND,ND,ND,ND,24.5,ND,ND,ND,2.6,14.3,ND,ND,0.8,28.3
1225,AOABG,Carpa,75,g,75,41,51,7.2,2.3,0.0,ND,3.8,ND,ND,ND,ND,ND,ND,ND,26.7,ND,ND,ND,16.7,5.7,ND,ND,0.5,20.0
1226,AOABG,Carpa cocida,30,g,30,30,49,6.8,2.2,0.0,ND,2.8,ND,ND,ND,ND,ND,ND,ND,25.1,ND,ND,ND,15.5,5.4,ND,ND,0.5,19.1
1227,AOABG,Carpa horneada,30,g,30,30,49,6.8,2.2,0.0,ND,2.8,ND,ND,ND,ND,ND,ND,ND,25.1,ND,ND,ND,15.5,5.4,ND,ND,0.5,19.1
1228,AOABG,Chuleta de cerdo,1/2,pieza,45,38,54,7.6,2.4,0.0,ND,0.4,ND,ND,ND,ND,ND,ND,ND,24.9,ND,ND,ND,2.3,12.2,ND,ND,0.5,31.4
1229,AOABG,Conejo,40,g,40,32,51,6.5,2.6,0.0,ND,0.0,ND,ND,ND,ND,ND,ND,ND,20.8,ND,ND,ND,5.8,7.6,ND,ND,0.8,13.8
1230,AOABG,Conejo de crianza,40,g,40,32,51,6.5,2.6,0.0,ND,0.0,ND,ND,ND,ND,ND,ND,ND,20.8,ND,ND,ND,5.8,7.6,ND,ND,0.8,13.8
1231,AOABG,Corazón de borrego,45,g,45,45,55,7.4,2.5,0.2,ND,0.0,ND,ND,ND,ND,ND,ND,ND,60.0,ND,ND,ND,0.0,21.2,ND,ND,0.0,39.5
1232,AOABG,Corazón de borrego cocido,30,g,30,30,55,7.4,2.4,0.6,ND,0.0,ND,ND,ND,ND,ND,ND,ND,74.2,ND,ND,ND,0.0,14.1,ND,ND,0.0,18.7
1233,AOABG,Corazón de cordero,45,g,45,45,55,7.4,2.5,0.2,ND,0.0,ND,ND,ND,ND,ND,ND,ND,60.0,ND,ND,ND,0.0,14.4,ND,ND,0.0,39.5
1234,AOABG,Corazón de cordero cocido,30,g,30,30,55,7.4,2.4,0.6,ND,0.0,ND,ND,ND,ND,ND,ND,ND,74.2,ND,ND,ND,0.0,14.1,ND,ND,0.0,18.7
1235,AOABG,Corazón de pavo,40,g,40,40,58,7.3,2.8,0.3,ND,0.0,ND,ND,ND,ND,ND,ND,ND,46.3,ND,ND,ND,0.0,2.0,ND,ND,0.0,35.1
1236,AOABG,Corazón de pollo cocido,25,g,25,25,53,7.9,2.6,0.0,ND,0.0,ND,ND,ND,ND,ND,ND,ND,70.2,ND,ND,ND,0.0,2.0,ND,ND,0.0,17.5
1237,AOABG,Corned beef,25,g,25,25,54,6.7,3.1,0.0,ND,0.0,ND,ND,ND,ND,ND,ND,ND,22.3,ND,ND,ND,0.0,4.3,ND,ND,0.6,218.8
1238,AOABG,Corned beef con áspic,30,g,30,30,46,6.9,1.8,0.0,ND,0.0,ND,ND,ND,ND,ND,ND,ND,13.9,ND,ND,ND,3.2,5.2,ND,ND,0.6,286.1
1239,AOABG,Cuete de ternera,35,g,35,35,55,6.9,2.8,0.0,ND,0.0,ND,ND,ND,ND,ND,ND,ND,31.5,ND,ND,ND,3.9,5.5,ND,ND,1.1,31.5
1240,AOABG,Falda de cerdo,40,g,40,40,56,7.9,2.5,0.0,ND,0.4,ND,ND,ND,ND,ND,ND,ND,26.0,ND,ND,ND,2.4,11.4,ND,ND,0.5,32.8
1241,AOABG,Filete de carpa,40,g,40,40,51,7.2,2.3,0.0,ND,3.8,ND,ND,ND,ND,ND,ND,ND,26.4,ND,ND,ND,16.5,5.6,ND,ND,0.5,19.8
1242,AOABG,Filete de cerdo,40,g,40,40,56,7.9,2.5,0.0,ND,0.4,ND,ND,ND,ND,ND,ND,ND,26.0,ND,ND,ND,2.4,11.4,ND,ND,0.5,32.8
1243,AOABG,Filete de puerco,40,g,40,40,56,7.9,2.5,0.0,ND,0.4,ND,ND,ND,ND,ND,ND,ND,26.0,ND,ND,ND,2.4,11.4,ND,ND,0.5,32.8
1244,AOABG,Filete de salmón,30,g,30,30,55,6.0,3.2,0.0,ND,4.6,ND,ND,ND,ND,ND,ND,ND,17.6,ND,ND,ND,3.5,13.4,ND,ND,0.1,17.6
1245,AOABG,Gallina,40,g,40,27,59,7.6,0,0.0,ND,5.4,ND,ND,ND,ND,ND,ND,ND,21.2,ND,ND,ND,7.1,3.4,ND,ND,0.5,17.4
1246,AOABG,Gallina joven cocida,40,g,40,27,59,7.6,0,0.0,ND,5.4,ND,ND,ND,ND,ND,ND,ND,21.2,ND,ND,ND,7.1,4.9,ND,ND,0.5,17.4
1247,AOABG,Ganso de crianza,40,g,40,32,52,7.4,2.3,0.0,ND,3.9,ND,ND,ND,ND,ND,ND,ND,27.2,ND,ND,ND,4.2,5.4,ND,ND,0.8,28.2
1248,AOABG,Guajolote,45,g,45,36,57,7.3,2.8,0.0,ND,0.7,ND,ND,ND,ND,ND,ND,ND,26.0,ND,ND,ND,5.3,8.2,ND,ND,0.5,23.1
1249,AOABG,Hígado de ganzo crudo,40,g,40,40,53,6.5,1.7,2.5,ND,3723.6,ND,ND,ND,ND,ND,ND,ND,206.0,ND,ND,ND,17.2,27.2,ND,ND,12.2,56.0
1250,AOABG,Hígado de borrego crudo,25,g,25,25,55,7.6,2.2,0.6,ND,1872.8,ND,ND,ND,ND,ND,ND,ND,125.3,ND,ND,ND,2.0,27.9,ND,ND,2.1,14.0
1251,AOABG,Hígado de cerdo cocido,30,g,30,30,50,7.8,1.3,1.1,ND,1621.5,ND,ND,ND,ND,ND,ND,ND,106.5,ND,ND,ND,3.0,20.3,ND,ND,5.4,14.7
1252,AOABG,Hígado de ganzo,1/2,pieza,47,47,63,7.7,2.0,3.0,ND,4375.2,ND,ND,ND,ND,ND,ND,ND,242.1,ND,ND,ND,20.2,32.0,ND,ND,14.3,65.8
1253,AOABG,Hígado de pato crudo,40,g,40,40,54,7.5,1.8,1.4,ND,4793.6,ND,ND,ND,ND,ND,ND,ND,206.0,ND,ND,ND,4.4,26.8,ND,ND,12.2,56.0
1254,AOABG,Hígado de pavo,4,cucharada,35,35,59,8.4,2.1,1.2,ND,4403.4,ND,ND,ND,ND,ND,ND,ND,219.1,ND,ND,ND,3.9,35.2,ND,ND,2.7,22.4
1255,AOABG,Hígado de pollo cocido,30,g,30,30,50,7.3,2.0,0.3,ND,1194.3,ND,ND,ND,ND,ND,ND,ND,168.9,ND,ND,ND,3.3,24.7,ND,ND,3.5,22.8
1256,AOABG,Hígado de pollo crudo,40,g,40,40,48,7.2,1.6,1.4,ND,1452.0,ND,ND,ND,ND,ND,ND,ND,120.0,ND,ND,ND,4.4,25.60,ND,ND,3.4,31.6
1257,AOABG,Hígado de res cocido,30,g,30,30,48,7.3,1.5,1.0,ND,3180.6,ND,ND,ND,ND,ND,ND,ND,116.7,ND,ND,ND,2.1,17.10,ND,ND,2.0,21.0
1258,AOABG,Hígado de res frito,25,g,25,25,54,6.7,2.0,2.0,ND,2682.3,ND,ND,ND,ND,ND,ND,ND,120.5,ND,ND,ND,2.8,14.3,ND,ND,1.6,26.5
1259,AOABG,Hueva de pescado cocida,25,g,25,25,51,7.2,2.1,0.5,ND,22.8,ND,ND,ND,ND,ND,ND,ND,119.8,ND,ND,ND,7.0,12.9,ND,ND,0.2,29.3
1260,AOABG,Huevo congelado sin colesterol,4,cucharada,60,60,96,6.8,6.7,1.9,ND,81.0,ND,ND,ND,ND,ND,ND,ND,1.0,ND,ND,ND,44.0,2.0,ND,ND,1.2,120.0
1261,AOABG,Huevo de tortuga,50,g,50,45,51,5.6,2.8,0.4,ND,28.9,ND,ND,ND,ND,ND,ND,ND,0.0,ND,ND,ND,27.6,0.0,ND,ND,0.7,0.0
1262,AOABG,Jamón bajo en grasa,2,rebanada,42,42,56,8.1,2.1,0.5,ND,0.0,ND,ND,ND,ND,ND,ND,ND,19.5,ND,ND,ND,3.0,7.3,ND,ND,0.3,600.0
1263,AOABG,Jamón de pavo,2,rebanada,42,42,54,8.0,2.1,0.1,ND,0.0,ND,ND,ND,ND,ND,ND,ND,23.6,ND,ND,ND,4.4,7.3,ND,ND,1.2,418.5
1264,AOABG,Jamón de pierna,2,rebanada,42,42,56,8.1,2.1,0.5,ND,0.0,ND,ND,ND,ND,ND,ND,ND,19.5,ND,ND,ND,3.0,12.3,ND,ND,0.3,600.0
1265,AOABG,Lomo de cerdo,40,g,40,40,56,7.9,2.5,0.0,ND,0.4,ND,ND,ND,ND,ND,ND,ND,26.0,ND,ND,ND,2.4,12.8,ND,ND,0.5,32.8
1266,AOABG,Lomo de cerdo en trozos,40,g,40,40,56,7.9,2.5,0.0,ND,0.4,ND,ND,ND,ND,ND,ND,ND,26.0,ND,ND,ND,2.4,12.8,ND,ND,0.5,32.8
1267,AOABG,Maciza de carnero,50,g,50,40,54,7.6,2.4,0.0,ND,0.0,ND,ND,ND,ND,ND,ND,ND,26.0,ND,ND,ND,2.8,15.2,ND,ND,0.9,30.0
1268,AOABG,Maciza de ternera,35,g,35,35,55,6.9,2.8,0.0,ND,0.0,ND,ND,ND,ND,ND,ND,ND,31.5,ND,ND,ND,3.9,5.5,ND,ND,1.1,31.5
1269,AOABG,Milanesa de cerdo,40,g,40,40,56,7.9,2.5,0.0,ND,0.4,ND,ND,ND,ND,ND,ND,ND,26.0,ND,ND,ND,2.4,11.4,ND,ND,0.5,32.8
1270,AOABG,Milanesa de ternera,35,g,35,35,55,6.9,2.8,0.0,ND,0,ND,ND,ND,ND,ND,ND,ND,31.5,ND,ND,ND,3.9,5.5,ND,ND,1.1,31.5
1271,AOABG,Molida de cerdo,40,g,40,40,56,7.9,2.5,0.0,ND,0.4,ND,ND,ND,ND,ND,ND,ND,26.0,ND,ND,ND,2.4,9.8,ND,ND,0.5,32.8
1272,AOABG,Molida de res,30,g,30,30,54,6.2,3.0,0.0,ND,1.8,ND,ND,ND,ND,ND,ND,ND,19.5,ND,ND,ND,3.6,5.7,ND,ND,0.9,19.5
1273,AOABG,Molida de sirloin,25,g,25,25,51,7.6,2.0,0.0,ND,0.0,ND,ND,ND,ND,ND,ND,ND,22.3,ND,ND,ND,2.8,4.6,ND,ND,0.8,16.5
1274,AOABG,Molida especial,30,g,30,30,54,6.2,3.0,0.0,ND,1.8,ND,ND,ND,ND,ND,ND,ND,19.5,ND,ND,ND,3.6,5.7,ND,ND,0.9,19.5
1275,AOABG,Molida regular de res (10% grasa),30,g,30,30,54,6.2,3.0,0.0,ND,1.8,ND,ND,ND,ND,ND,ND,ND,19.5,ND,ND,ND,3.6,5.7,ND,ND,0.9,19.5
1276,AOABG,Muslo de pollo crudo sin piel,1/2,pieza,60,45,54,8.8,1.8,0.0,ND,9.0,ND,ND,ND,ND,ND,ND,ND,37.4,ND,ND,ND,4.5,6.1,ND,ND,0.5,38.7
1277,AOABG,Ostión cocido,35,g,35,35,57,6.6,1.6,3.5,ND,51.1,ND,ND,ND,ND,ND,ND,ND,35.0,ND,ND,ND,5.8,53.9,ND,ND,3.2,74.1
1278,AOABG,Ostión crudo,75,g,75,75,61,7.1,1.7,3.7,ND,60.9,ND,ND,ND,ND,ND,ND,ND,37.5,ND,ND,ND,6.2,57.8,ND,ND,3.8,79.4
1279,AOABG,Ostión cultivado,9,pieza,126,126,75,6.6,2.0,6.9,ND,10.5,ND,ND,ND,ND,ND,ND,ND,31.5,ND,ND,ND,55.5,80.3,ND,ND,7.3,225.0
1280,AOABG,Ostión cultivado cocido,9,pieza,88,88,70,6.1,1.9,6.4,ND,16.4,ND,ND,ND,ND,ND,ND,ND,32.9,ND,ND,ND,49.3,68.4,ND,ND,6.8,143.5
1281,AOABG,Ostión en jugo,70,g,70,70,57,6.6,1.6,3.5,ND,56.8,ND,ND,ND,ND,ND,ND,ND,35.0,ND,ND,ND,5.8,53.90,ND,ND,3.6,74.1
1282,AOABG,Ostión enlatado,100,g,100,100,69,7.1,2.5,3.9,ND,90.6,ND,ND,ND,ND,ND,ND,ND,55.3,ND,ND,ND,44.7,77.50,ND,ND,6.7,111.8
1283,AOABG,Pámpano,65,g,65,33,55,6.2,3.1,0.0,ND,0.0,ND,ND,ND,ND,ND,ND,ND,16.3,ND,ND,ND,5.5,11.9,ND,ND,0.0,15.3
1284,AOABG,Pámpano cocido,25,g,25,25,53,5.9,3.0,0.0,ND,9.1,ND,ND,ND,ND,ND,ND,ND,15.9,ND,ND,ND,10.9,11.7,ND,ND,0.2,19.1
1285,AOABG,Pámpano fileteado,35,g,35,35,60,6.7,3.3,0.0,ND,0.0,ND,ND,ND,ND,ND,ND,ND,17.5,ND,ND,ND,6.0,12.8,ND,ND,0.0,16.5
1286,AOABG,Pancita de puerco,35,g,35,35,55,5.8,3.4,0.0,ND,0.0,ND,ND,ND,ND,ND,ND,ND,67.6,ND,ND,ND,3.5,9.0,ND,ND,0.8,18.2
1287,AOABG,Pasta de anchoas,4,cucharada,28,28,56,5.6,3.2,1.2,ND,0.0,ND,ND,ND,ND,ND,ND,ND,0.0,ND,ND,ND,0.0,0.0,ND,ND,0.0,0.0
1288,AOABG,Pasta de camarón,30,g,30,30,54,6.2,2.8,0.5,ND,0.0,ND,ND,ND,ND,ND,ND,ND,0.0,ND,ND,ND,0.0,0.0,ND,ND,0.1,0.0
1289,AOABG,Pasta de langosta,4,cucharada,28,28,52,6.0,2.8,0.4,ND,0.0,ND,ND,ND,ND,ND,ND,ND,0.0,ND,ND,ND,20.0,0.0,ND,ND,0.4,0.0
1290,AOABG,Pastrami de pavo,2,rebanada,42,42,59,7.7,2.6,0.7,ND,0.0,ND,ND,ND,ND,ND,ND,ND,22.8,ND,ND,ND,3.7,6.8,ND,ND,0.7,439.2
1291,AOABG,Pato de crianza,60,g,60,39,51,7.1,2.3,0.0,ND,9.4,ND,ND,ND,ND,ND,ND,ND,30.0,ND,ND,ND,4.3,5.4,ND,ND,0.9,28.9
1292,AOABG,Pavo,45,g,45,36,57,7.3,2.8,0.0,ND,0.7,ND,ND,ND,ND,ND,ND,ND,26.0,ND,ND,ND,5.3,13.1,ND,ND,0.5,23.1
1293,AOABG,Pavo entero,45,g,45,36,57,7.3,2.8,0.0,ND,0.7,ND,ND,ND,ND,ND,ND,ND,26,ND,ND,ND,5.3,11.7,ND,ND,0.5,23.1
1294,AOABG,Pechuga de pollo con piel,35,g,35,30,55,6,3.3,0.0,ND,11.6,ND,ND,ND,ND,ND,ND,ND,19.9,ND,ND,ND,3.3,4.9,ND,ND,0.2,19.3
1295,AOABG,Pescado blanco,75,g,75,39,52,7.4,2.3,0.0,ND,14.2,ND,ND,ND,ND,ND,ND,ND,23.4,ND,ND,ND,10.1,5.5,ND,ND,0.1,19.7
1296,AOABG,Pescado blanco cocido,30,g,30,30,52,7.3,2.3,0.0,ND,11.6,ND,ND,ND,ND,ND,ND,ND,22.9,ND,ND,ND,9.9,4.2,ND,ND,0.1,19.4
1297,AOABG,Pescado blanco fileteado,35,g,35,35,47,6.7,2.1,0.0,ND,12.6,ND,ND,ND,ND,ND,ND,ND,21.0,ND,ND,ND,9.1,4.4,ND,ND,0.1,17.9
1298,AOABG,Pescuezo de pollo sin piel,125,pieza,125,38,58,6.6,3.3,0.0,ND,16.5,ND,ND,ND,ND,ND,ND,ND,31.1,ND,ND,ND,10.1,4.5,ND,ND,0.8,30.4
1299,AOABG,Pescuezo de res,50,g,50,33,50,6.7,2.4,0.0,ND,37.7,ND,ND,ND,ND,ND,ND,ND,19.8,ND,ND,ND,1.6,6.1,ND,ND,0.6,25.4
1300,AOABG,Pierna de carnero,50,g,50,40,54,7.6,2.4,0.0,ND,0.0,ND,ND,ND,ND,ND,ND,ND,26.0,ND,ND,ND,2.8,15.2,ND,ND,0.9,30.0
1301,AOABG,Pierna de cerdo,40,g,40,40,56,7.9,2.5,0.0,ND,0.4,ND,ND,ND,ND,ND,ND,ND,26.0,ND,ND,ND,2.4,11.4,ND,ND,0.5,32.8
1302,AOABG,Pierna de cordero,30,g,30,26,49,7.2,2.0,0.0,ND,0.0,ND,ND,ND,ND,ND,ND,ND,22.7,ND,ND,ND,2.0,2.7,ND,ND,0.5,17.3
1303,AOABG,Pierna de pollo cin piel cocida,1/4,pieza,45,26,47,6.7,2.1,0.0,ND,ND,ND,ND,ND,ND,ND,ND,ND,ND,ND,ND,ND,ND,6.8,ND,ND,ND,ND
1304,AOABG,Pierna de pollo cin piel cruda,1/3,pieza,76,43,52,8.7,1.6,0.0,ND,7.8,ND,ND,ND,ND,ND,ND,ND,34.6,ND,ND,ND,4.8,5.8,ND,ND,0.4,37.2
1305,AOABG,Pierna de cerdo,40,g,40,40,56,7.9,2.5,0.0,ND,0.4,ND,ND,ND,ND,ND,ND,ND,26.0,ND,ND,ND,2.4,11.4,ND,ND,0.5,32.8
1306,AOABG,Pulpa de cerdo,40,g,40,40,56,7.9,2.5,0.0,ND,0.4,ND,ND,ND,ND,ND,ND,ND,26.0,ND,ND,ND,2.4,11.4,ND,ND,0.5,32.8
1307,AOABG,Pulpa de ternera,40,g,40,38,59,7.5,3.0,0.0,ND,0.0,ND,ND,ND,ND,ND,ND,ND,34.2,ND,ND,ND,4.2,5.9,ND,ND,1.1,34.2
1308,AOABG,Queso cheddar bajo en grasa,30,g,30,30,53,7.4,2.1,0.5,ND,19.3,ND,ND,ND,ND,ND,ND,ND,6.4,ND,ND,ND,126.4,4.4,ND,ND,0.1,186.4
1309,AOABG,Queso cotage cremoso,3,cucharada,54,54,56,6.8,2.5,1.5,ND,25.1,ND,ND,ND,ND,ND,ND,ND,7.7,ND,ND,ND,32.8,4.9,ND,ND,0.1,217.9
1310,AOABG,Queso de soya,2,rebanada,56,56,84,7.0,4.6,3.8,ND,2.0,ND,ND,ND,ND,ND,ND,ND,0.0,ND,ND,ND,106.0,0.0,ND,ND,0.0,12.0
1311,AOABG,Queso fresco,40,g,40,40,58,6.1,2.8,2.0,ND,28.0,ND,ND,ND,ND,ND,ND,ND,0.0,ND,ND,ND,273.6,3.6,ND,ND,0.1,0.0
1312,AOABG,Queso fresco de cabra,30,g,30,30,52,7.1,1.5,2.6,ND,12.0,ND,ND,ND,ND,ND,ND,ND,7.8,ND,ND,ND,260.1,2.7,ND,ND,1.7,ND
1313,AOABG,Queso fresco de vaca,40,g,40,40,58,6.1,2.8,2.0,ND,28.0,ND,ND,ND,ND,ND,ND,ND,0.0,ND,ND,ND,273.6,3.6,ND,ND,0.1,0.0
1314,AOABG,Queso Oaxaca Lala Light,30,g,30,30,64,7.8,3.3,0.8,ND,ND,ND,ND,ND,ND,ND,ND,ND,ND,ND,ND,ND,230.0,ND,ND,ND,ND,190.0
1315,AOABG,Queso panela,40,g,40,40,58,6.1,2.8,2.0,ND,28.0,ND,ND,ND,ND,ND,ND,ND,0.0,ND,ND,ND,273.6,4.8,ND,ND,0.1,0.0
1316,AOABG,Queso panela Lala Light,30,g,30,30,52,5.7,2.7,1.2,ND,ND,ND,ND,ND,ND,ND,ND,ND,ND,ND,ND,ND,200.0,ND,ND,ND,ND,180.0
1317,AOABG,Queso ricotta reducido en grasa,3,cucharada,45,45,62,5.1,3.6,2.3,ND,48.3,ND,ND,ND,ND,ND,ND,ND,13.8,ND,ND,ND,122.3,0.0,ND,ND,0.0,56.3
1318,AOABG,Retazo de carnero,500,g,500,50,56,7.1,2.8,0.0,ND,0.0,ND,ND,ND,ND,ND,ND,ND,32.5,ND,ND,ND,8.5,19.0,ND,ND,1.1,37.5
1319,AOABG,Rib eye sin grasa,25,g,25,25,56,7.0,2.9,0.0,ND,0,ND,ND,ND,ND,ND,ND,ND,20.0,ND,ND,ND,3.3,4.3,ND,ND,0.6,17.3
1320,AOABG,Salmón,30,g,30,30,55,6.0,3.2,0.0,ND,4.6,ND,ND,ND,ND,ND,ND,ND,17.6,ND,ND,ND,3.5,11.0,ND,ND,0.1,17.6
1321,AOABG,Salmón cocido,30,g,30,30,55,6.0,3.2,0.0,ND,4.6,ND,ND,ND,ND,ND,ND,ND,17.6,ND,ND,ND,3.5,17.2,ND,ND,0.1,17.6
1322,AOABG,Salmón fresco,30,g,30,30,55,6.0,3.2,0.0,ND,4.6,ND,ND,ND,ND,ND,ND,ND,17.6,ND,ND,ND,3.5,13.8,ND,ND,0.1,17.6
1323,AOABG,Short loin,25,g,25,25,54,7.2,2.6,0.0,ND,0.0,ND,ND,ND,ND,ND,ND,ND,19.0,ND,ND,ND,2.0,5.8,ND,ND,0.6,17.0
1324,AOABG,Sierra ahumada,30,g,30,30,51,7.3,2.2,0.0,ND,25.8,ND,ND,ND,ND,ND,ND,ND,20.5,ND,ND,ND,25.8,4.2,ND,ND,0.1,12.7
1325,AOABG,Sirloin,25,g,25,25,51,7.6,2.0,0.0,ND,0.0,ND,ND,ND,ND,ND,ND,ND,22.3,ND,ND,ND,2.8,4.6,ND,ND,0.8,16.5
1326,AOABG,Sustituto de huevo en polvo,3,cucharada,15,15,67,8.3,2.0,3.3,ND,55.4,ND,ND,ND,ND,ND,ND,ND,85.8,ND,ND,ND,48.9,19.2,ND,ND,0.5,120.0
1327,AOABG,Sustituto de huevo liquido,4,cucharada,60,60,51,7.1,2.0,0.4,ND,130.2,ND,ND,ND,ND,ND,ND,ND,0.0,ND,ND,ND,31.9,24.8,ND,ND,1.3,106.0
1328,AOABG,T-bone sin grasa,30,g,30,24,49,6.4,2.4,0.0,ND,0.0,ND,ND,ND,ND,ND,ND,ND,14.2,ND,ND,ND,1.4,5.3,ND,ND,0.8,17.0
1329,AOABG,Ternera,35,g,35,35,55,6.9,2.8,0.0,ND,0.0,ND,ND,ND,ND,ND,ND,ND,31.5,ND,ND,ND,3.9,5.50,ND,ND,1.1,31.5
1330,AOABG,Ternera en canal,40,g,40,38,59,7.5,3.0,0.0,ND,0.0,ND,ND,ND,ND,ND,ND,ND,34.2,ND,ND,ND,4.2,5.90,ND,ND,1.1,34.2
1331,AOABG,Tofu firme,40,g,40,40,58,6.3,3.5,1.7,ND,ND,ND,ND,ND,ND,ND,ND,ND,ND,ND,ND,ND,ND,ND,ND,ND,ND,ND
1332,AOABG,Trucha,70,g,70,32,54,5.9,3.2,0.0,ND,0.0,ND,ND,ND,ND,ND,ND,ND,15.5,ND,ND,ND,3.9,4.1,ND,ND,0.3,22.5
1333,AOABG,Trucha ahumada,30,g,30,30,51,7.3,2.2,0.0,ND,25.8,ND,ND,ND,ND,ND,ND,ND,20.5,ND,ND,ND,25.8,4.5,ND,ND,0.1,12.7
1334,AOABG,Trucha cocida,30,g,30,30,51,7.3,2.2,0.0,ND,25.8,ND,ND,ND,ND,ND,ND,ND,20.5,ND,ND,ND,25.8,4.5,ND,ND,0.1,12.7
1335,AOABG,Trucha fileteada,35,g,35,35,59,6.4,3.5,0.0,ND,0.0,ND,ND,ND,ND,ND,ND,ND,16.8,ND,ND,ND,4.2,4.4,ND,ND,0.4,24.5
1336,AOAMG,Arenque marinado,1/4,filete,46,46,73,8.3,4.2,0.0,ND,12.9,ND,ND,ND,ND,ND,ND,ND,27.6,ND,ND,ND,26.2,16.8,ND,ND,0.5,41.4
1337,AOAMG,Bistec bola,25,g,25,25,71,7.2,4.5,0.0,ND,0.0,ND,ND,ND,ND,ND,ND,ND,24.0,ND,ND,ND,1.5,5.0,ND,ND,0.8,12.5
1338,AOAMG,Bola de res,25,g,25,25,71,7.2,4.5,0.0,ND,0.0,ND,ND,ND,ND,ND,ND,ND,24.0,ND,ND,ND,1.5,5.0,ND,ND,0.8,12.5
1339,AOAMG,Boquerones (fritos),40,g,40,40,70,7.7,4.1,0.1,ND,nd,ND,ND,ND,ND,ND,ND,ND,nd,ND,ND,ND,67.2,5.6,ND,ND,0.0,0.0
1340,AOAMG,Carne de suadero,59,g,29,29,76,7.8,4.8,0.0,ND,0.0,ND,ND,ND,ND,ND,ND,ND,20.9,ND,ND,ND,1.7,0.0,ND,ND,1.0,20.3
1341,AOAMG,Carne deshebrada,30,g,30,30,75,7.4,4.8,0.0,ND,0.0,ND,ND,ND,ND,ND,ND,ND,24.6,ND,ND,ND,2.1,5.9,ND,ND,0.7,14.7
1342,AOAMG,Carne molida estra magna cocida,30,g,30,30,75,7.4,4.8,0.0,ND,0.0,ND,ND,ND,ND,ND,ND,ND,24.6,ND,ND,ND,2.1,3.8,ND,ND,0.7,14.7
1343,AOAMG,Carne molida estra magna salteada,30,g,30,30,77,7.5,4.9,0.0,ND,0.0,ND,ND,ND,ND,ND,ND,ND,24.3,ND,ND,ND,2.1,3.8,ND,ND,0.7,21.0
1344,AOAMG,Caviar,5,cucharadita,27,27,67,6.6,4.8,1.1,ND,72.2,ND,ND,ND,ND,ND,ND,ND,156.6,ND,ND,ND,73.3,17.5,ND,ND,3.2,399.8
1345,AOAMG,Caviar negro,5,cucharadita,27,27,67,6.6,4.8,1.1,ND,72.2,ND,ND,ND,ND,ND,ND,ND,156.6,ND,ND,ND,73.3,17.5,ND,ND,3.2,399.8
1346,AOAMG,Caviar rojo,5,cucharadita,27,27,67,6.6,4.8,1.1,ND,72.2,ND,ND,ND,ND,ND,ND,ND,156.6,ND,ND,ND,73.3,17.5,ND,ND,3.2,399.8
1347,AOAMG,Chicharrón,12,g,12,12,72,6.9,4.7,0.0,ND,ND,ND,ND,ND,ND,ND,ND,ND,8.9,ND,ND,ND,7.3,0.0,ND,ND,0.3,0.0
1348,AOAMG,Chicharrón de cerdo,12,g,12,12,72,6.9,4.7,0.0,ND,ND,ND,ND,ND,ND,ND,ND,ND,8.9,ND,ND,ND,7.3,0.0,ND,ND,0.3,0.0
1349,AOAMG,Chicharrón de puerco,12,g,12,12,72,6.9,4.7,0.0,ND,ND,ND,ND,ND,ND,ND,ND,ND,8.9,ND,ND,ND,7.3,0.0,ND,ND,0.3,0.0
1350,AOAMG,Costillar de cerdo,50,g,50,33,69,6.5,4.6,0.0,ND,0.7,ND,ND,ND,ND,ND,ND,ND,19.5,ND,ND,ND,1.6,10.4,ND,ND,0.2,13.7
1351,AOAMG,Costillitas de cerdo,51,g,50,33,69,6.5,4.6,0.0,ND,0.7,ND,ND,ND,ND,ND,ND,ND,19.5,ND,ND,ND,1.6,10.4,ND,ND,0.2,13.7
1352,AOAMG,Gusanos de maguey,35,g,35,35,70,5.8,4.8,0.0,ND,ND,ND,ND,ND,ND,ND,ND,ND,ND,ND,ND,ND,49.7,0.0,ND,ND,1.5,0.0
1353,AOAMG,Huevo enriquecido con DHA-Omega 3 y Vitamina E,1,pieza,63,55,70,6.0,4.5,0.7,ND,ND,ND,ND,ND,ND,ND,ND,ND,199.7,ND,ND,ND,ND,16.5,ND,ND,ND,70.0
1354,AOAMG,Huevo agra,1,pieza,63,55,70,6.0,4.5,0.7,ND,ND,ND,ND,ND,ND,ND,ND,ND,199.7,ND,ND,ND,ND,16.5,ND,ND,ND,70.0
1355,AOAMG,Huevo batido o revuelto cocido,3,cucharada,41,41,69,4.6,5.0,0.9,ND,57.5,ND,ND,ND,ND,ND,ND,ND,144.7,ND,ND,ND,29.9,9.2,ND,ND,0.5,115.1
1356,AOAMG,Huevo blanco cocido,1,pieza,50,44,68,5.5,4.7,0.5,ND,73.9,ND,ND,ND,ND,ND,ND,ND,186.6,ND,ND,ND,22.0,13.6,ND,ND,0.5,54.6
1357,AOAMG,Huevo cocido,1,pieza,50,44,68,5.5,4.7,0.5,ND,73.9,ND,ND,ND,ND,ND,ND,ND,186.6,ND,ND,ND,22.0,13.6,ND,ND,0.5,54.6
1358,AOAMG,Huevo de codorniz fresco,6,pieza,54,50,78,6.5,5.5,0.2,ND,77,ND,ND,ND,ND,ND,ND,ND,419.5,ND,ND,ND,31.8,15.9,ND,ND,1.8,70
1359,AOAMG,Huevo deshidratado,2 1/2,cucharada,13,13,76,6.0,5.4,0.2,ND,62.5,ND,ND,ND,ND,ND,ND,ND,203.8,ND,ND,ND,29.5,ND,ND,ND,0.5,60.0
1360,AOAMG,Huevo en polvo,2 1/2,cucharada,13,13,76,6.0,5.4,0.2,ND,62.5,ND,ND,ND,ND,ND,ND,ND,203.8,ND,ND,ND,29.6,ND,ND,ND,0.5,60.0
1361,AOAMG,Huevo entero cocido,1,pieza,50,44,68,5.5,4.7,0.5,ND,73.9,ND,ND,ND,ND,ND,ND,ND,186.6,ND,ND,ND,22.0,13.6,ND,ND,0.5,54.6
1362,AOAMG,Huevo entero fresco,1,pieza,50,44,63,5.5,4.4,0.3,ND,61.6,ND,ND,ND,ND,ND,ND,ND,186.1,ND,ND,ND,23.3,13.9,ND,ND,0.8,61.6
1363,AOAMG,Huevo fresco,1,pieza,50,44,63,5.5,4.4,0.3,ND,61.6,ND,ND,ND,ND,ND,ND,ND,186.1,ND,ND,ND,23.3,13.9,ND,ND,0.8,61.6
1364,AOAMG,Huevo pochado,1,pieza,50,50,71,6.3,5.0,0.4,ND,69.5,ND,ND,ND,ND,ND,ND,ND,211.0,ND,ND,ND,26.5,15.8,ND,ND,0.9,147.0
1365,AOAMG,Huevo rojo cocido,1,pieza,50,44,68,5.5,4.7,0.5,ND,73.9,ND,ND,ND,ND,ND,ND,ND,186.6,ND,ND,ND,22.0,13.6,ND,ND,0.5,54.6
1366,AOAMG,Longaniza de primera,45,g,45,44,78,7.3,5.2,0.0,ND,6.6,ND,ND,ND,ND,ND,ND,ND,ND,ND,ND,ND,17.6,19.1,ND,ND,2.1,0.0
1367,AOAMG,Macarela cocida,1/3,filete,29,29,76,6.9,5.2,0.0,ND,15.7,ND,ND,ND,ND,ND,ND,ND,21.9,ND,ND,ND,4.4,15.0,ND,ND,0.5,24.1
1368,AOAMG,Macarela fresca,1/3,filete,37,37,76,6.9,5.1,0.0,ND,18.7,ND,ND,ND,ND,ND,ND,ND,25.9,ND,ND,ND,4.3,13.5,ND,ND,0.6,33.5
1369,AOAMG,Muslo de pierna con piel cocido con hueso,1/3,pieza,43,33,76,7.6,4.8,0.0,ND,14.3,ND,ND,ND,ND,ND,ND,ND,27.4,ND,ND,ND,3.6,7.7,ND,ND,0.4,23.1
1370,AOAMG,Muslo de pierna con piel crudo con hueso,1/3,pieza,43,34,72,5.9,5.2,0.0,ND,13.9,ND,ND,ND,ND,ND,ND,ND,28.5,ND,ND,ND,3.4,4.4,ND,ND,0.3,25.8
1371,AOAMG,Orejas de cerdo,1/4,pieza,28,28,66,6.3,4.3,0.2,ND,0.0,ND,ND,ND,ND,ND,ND,ND,23.2,ND,ND,ND,5.9,1.2,ND,ND,0.7,54.0
1372,AOAMG,Pata de cerdo cocidas,150,g,150,51,71,5.9,5.1,0.0,ND,5.6,ND,ND,ND,ND,ND,ND,ND,42.3,ND,ND,ND,16.3,8.1,ND,ND,0.2,285.6
1373,AOAMG,Patas de cerdo en escabeche,150,g,150,51,71,5.9,5.1,0.0,ND,5.6,ND,ND,ND,ND,ND,ND,ND,42.3,ND,ND,ND,16.3,8.1,ND,ND,0.2,285.6
1374,AOAMG,Patitas de cerdo encurtidas sin hueso,150,g,150,51,71,5.9,5.1,0.0,ND,5.6,ND,ND,ND,ND,ND,ND,ND,42.3,ND,ND,ND,16.3,8.1,ND,ND,0.2,285.6
1375,AOAMG,Pecho de res,50,g,50,37,76,6.4,5.4,0.0,ND,6.6,ND,ND,ND,ND,ND,ND,ND,25.9,ND,ND,ND,2.6,2.4,ND,ND,0.2,25.9
1376,AOAMG,Pierna de pollo con piel cocida,1/3,pieza,63,36,79,8.7,4.6,0.0,ND,12.9,ND,ND,ND,ND,ND,ND,ND,30.2,ND,ND,ND,4.0,8.5,ND,ND,0.5,26.2
1377,AOAMG,Pierna y mueslo de pollo con piel,1/5,pieza,61,40,74,7.2,4.8,0.0,ND,14.3,ND,ND,ND,ND,ND,ND,ND,32.9,ND,ND,ND,4.0,5.0,ND,ND,0.4,31.3
1378,AOAMG,Queso blanco,35,g,35,35,77,6.0,5.1,1.8,ND,22.5,ND,ND,ND,ND,ND,ND,ND,26.3,ND,ND,ND,ND,5.1,ND,ND,ND,ND
1379,AOAMG,Queso de soya,2,rebanada,56,56,84,7.0,4.6,3.8,ND,ND,ND,ND,ND,ND,ND,ND,ND,ND,ND,ND,ND,106.0,0.0,ND,ND,0.0,12.0
1380,AOAMG,Queso holandés,20,G,20,20,75,6.7,5.2,1.6,ND,56.6,ND,ND,ND,ND,ND,ND,ND,17.0,ND,ND,ND,165.8,1.8,ND,ND,0.3,0.0
1381,AOAMG,Queso monterrey bajo en grasa,1,rebanada,28,28,88,7.9,6.0,0.2,ND,40.0,ND,ND,ND,ND,ND,ND,ND,18.0,ND,ND,ND,197.0,0.0,ND,ND,0.2,158.0
1382,AOAMG,Queso Mozzarella reducido en grasa,1,rebanada,28,28,71,6.8,4.5,0.8,ND,35.6,ND,ND,ND,ND,ND,ND,ND,17.9,ND,ND,ND,219.0,0.0,ND,ND,0.1,173.3
1383,AOAMG,Queso Mozzarella semidescremado,30,g,30,30,76,7.3,4.8,0.8,ND,37.2,ND,ND,ND,ND,ND,ND,ND,19.2,ND,ND,ND,234.6,4.3,ND,ND,0.1,185.7
1384,AOAMG,Queso Muenster bajo en grasa,1,rebanada,28,28,77,6.9,4.9,14.1,ND,49.0,ND,ND,ND,ND,ND,ND,ND,18.0,ND,ND,ND,148.0,0.0,ND,ND,0.1,168.0
1385,AOAMG,Queso parmensano,3 1/2,cucharada,18,18,75,6.7,5.0,0.9,ND,20.5,ND,ND,ND,ND,ND,ND,ND,15.4,ND,ND,ND,194.1,3.0,ND,ND,0.2,267.6
1386,AOAMG,Queso parmensano duro,20,g,20,20,78,7.2,5.2,0.6,ND,21.2,ND,ND,ND,ND,ND,ND,ND,13.6,ND,ND,ND,236.8,4.5,ND,ND,0.2,320.4
1387,AOAMG,Queso parmensano en trozo,20,g,20,20,78,7.2,5.2,0.6,ND,21.2,ND,ND,ND,ND,ND,ND,ND,13.6,ND,ND,ND,236.8,4.5,ND,ND,0.2,320.4
1388,AOAMG,Queso parmensano rallado,3 1/2,cucharada,18,18,75,6.7,5.0,0.9,ND,20.5,ND,ND,ND,ND,ND,ND,ND,15.4,ND,ND,ND,194.1,3.0,ND,ND,0.2,267.6
1389,AOAMG,Queso ricotta semidescremado,55,g,55,55,76,6.3,4.3,2.8,ND,57.8,ND,ND,ND,ND,ND,ND,ND,16.9,ND,ND,ND,149.5,9.2,ND,ND,0.2,68.8
1390,AOAMG,Queso tipo americano lala light,30,g,30,30,63,5.0,3.8,1.7,ND,ND,ND,ND,ND,ND,ND,ND,ND,ND,ND,ND,ND,ND,ND,ND,ND,ND,480.0
1391,AOAMG,Requesón promedio,3 1/2,cucharada,42,42,76,6.3,5.0,1.3,ND,ND,ND,ND,ND,ND,ND,ND,ND,10.5,ND,ND,ND,38.6,ND,ND,ND,0.2,163.8
1392,AOAMG,Salami de pavo,6,rebanada,42,42,72,8.1,3.9,0.7,ND,0.8,ND,ND,ND,ND,ND,ND,ND,31.9,ND,ND,ND,16.8,11.1,ND,ND,0.5,421.7
1393,AOAMG,Salchica de pavo,1,pieza,61,61,120,14.6,6.4,1.0,ND,6.7,ND,ND,ND,ND,ND,ND,ND,56.4,ND,ND,ND,13.5,0.0,ND,ND,0.9,407.3
1394,AOAMG,Salchicha vegetariana,1,pieza,25,25,64,4.6,4.5,2.5,ND,ND,ND,ND,ND,ND,ND,ND,ND,ND,ND,ND,ND,15.8,1.9,ND,ND,0.9,222.0
1395,AOAMG,Salmón de aceite,35,g,35,35,71,7.6,4.9,0.0,ND,6.3,ND,ND,ND,ND,ND,ND,ND,28.0,ND,ND,ND,27.7,16.1,ND,ND,0.3,165.6
1396,AOAMG,Sardina en aceite,3,pieza,36,36,75,8.9,4.1,0.0,ND,11.5,ND,ND,ND,ND,ND,ND,ND,51.1,ND,ND,ND,137.5,19.0,ND,ND,1.1,181.8
1397,AOAMG,Sardina en tomate,1,pieza,38,38,71,7.9,4.0,0.3,ND,12.2,ND,ND,ND,ND,ND,ND,ND,23.2,ND,ND,ND,91.2,15.4,ND,ND,0.9,157.3
1398,AOAMG,Sesos de cerdo cocidos,50,g,50,50,69,6.1,4.8,0.0,ND,0.0,ND,ND,ND,ND,ND,ND,ND,1276.0,ND,ND,ND,4.5,9.3,ND,ND,0.9,45.5
1399,AOAMG,Sesos de cordero cocidos,50,g,50,50,73,6.3,5.1,0.0,ND,0.0,ND,ND,ND,ND,ND,ND,ND,1021.5,ND,ND,ND,6.0,6.0,ND,ND,0.8,67.0
1400,AOAMG,Sesos de ternera cocidos,50,g,50,50,68,5.7,4.8,0.0,ND,0.0,ND,ND,ND,ND,ND,ND,ND,1550,ND,ND,ND,8.0,5.5,ND,ND,0.8,78.0
1401,AOAMG,Sierra,50,g,50,38,78,7.3,5.2,0.0,ND,50.6,ND,ND,ND,ND,ND,ND,ND,30.0,ND,ND,ND,1.9,5.3,ND,ND,0.4,0.0
1402,AOAMG,Sierra fileteada,35,g,35,35,73,6.8,4.9,0.0,ND,47.3,ND,ND,ND,ND,ND,ND,ND,28.0,ND,ND,ND,1.8,4.9,ND,ND,0.4,0.0
1403,AOAMG,Sierra picada,35,g,35,35,73,6.8,4.9,0.0,ND,47.3,ND,ND,ND,ND,ND,ND,ND,28.0,ND,ND,ND,1.8,4.9,ND,ND,0.4,0.0
1404,AOAMG,Suarero crudo,29,g,29,29,76,7.8,4.8,0.0,ND,0.0,ND,ND,ND,ND,ND,ND,ND,20.9,ND,ND,ND,1.7,0.0,ND,ND,1.0,20.3
1405,AOAMG,Sustituto de queso mozzarella,1,rebanada,28,28,69,3.2,3.4,6.6,ND,122.0,ND,ND,ND,ND,ND,ND,ND,ND,ND,ND,ND,171.0,0.0,ND,ND,0.1,192.0
1406,AOAAG,Alón de pollo con piel cocido,1,pieza,98,51,117,11.6,8.6,0.0,ND,20.4,ND,ND,ND,ND,ND,ND,ND,35.7,ND,ND,ND,6.1,9.4,ND,ND,0.6,34.1
1407,AOAAG,Alón de pollo con piel crudo,1,pieza,95,51,114,9.4,8.2,0.0,ND,22.6,ND,ND,ND,ND,ND,ND,ND,39.5,ND,ND,ND,6.2,8.0,ND,ND,0.5,37.4
1408,AOAAG,Añejo tipo cotija,2,cucharada,24,24,70,6.8,8.0,0.3,ND,156.0,ND,ND,ND,ND,ND,ND,ND,20.4,ND,ND,ND,206.4,1.0,ND,ND,0.6,0.0
1409,AOAAG,Carne de res semigrasossa,40,g,40,38,98,7.0,7.5,0.0,ND,3.4,ND,ND,ND,ND,ND,ND,ND,26.2,ND,ND,ND,2.7,1.4,ND,ND,0.8,22.4
1410,AOAAG,Carne molida popular de res,40,g,40,33,97,5.2,8.3,0.0,ND,3.9,ND,ND,ND,ND,ND,ND,ND,24.3,ND,ND,ND,2.6,0.7,ND,ND,0.6,19.4
1411,AOAAG,Carne molida regular,40,g,40,40,107,7.2,8.5,0.0,ND,4.8,ND,ND,ND,ND,ND,ND,ND,29.6,ND,ND,ND,4.0,0.9,ND,ND,1.1,26.0
1412,AOAAG,Carne molida regular cocida,35,g,35,35,100,8.1,7.3,0.0,ND,0.0,ND,ND,ND,ND,ND,ND,ND,30.5,ND,ND,ND,3.5,1.0,ND,ND,0.8,21.0
1413,AOAAG,Carne obscura de pollo con piel,40,g,40,40,95,6.7,7.3,0.0,ND,19.6,ND,ND,ND,ND,ND,ND,ND,32.4,ND,ND,ND,4.4,1.9,ND,ND,0.4,29.2
1414,AOAAG,Cecina de res,50,g,50,50,98,7.3,7.4,0.0,ND,0.0,ND,ND,ND,ND,ND,ND,ND,42.6,ND,ND,ND,3.5,1.4,ND,ND,0.8,602.4
1415,AOAAG,Cerdo en canal,40,g,40,58,111,3.8,10.6,0.0,ND,0.6,ND,ND,ND,ND,ND,ND,ND,20.7,ND,ND,ND,1.4,1.1,ND,ND,0.2,123.0
1416,AOAAG,Cheez whiz,2,cucharada,33,33,91,4.0,6.9,3.0,ND,ND,ND,ND,ND,ND,ND,ND,ND,24.8,ND,ND,ND,118.5,ND,ND,ND,0.1,540.5
1417,AOAAG,Chuleta de carnero,40,g,40,36,105,5.6,9.0,0.0,ND,0.0,ND,ND,ND,ND,ND,ND,ND,25.6,ND,ND,ND,1.8,2.1,ND,ND,0.8,27.0
1418,AOAAG,Chuleta de cordero entera,1/3,pieza,82,45,94,8.3,6.5,0.0,ND,ND,ND,ND,ND,ND,ND,ND,ND,29.9,ND,ND,ND,5.0,0.6,ND,ND,0.8,26.8
1419,AOAAG,Cordero,50,g,46,37,104,6.1,8.6,0.0,ND,0.0,ND,ND,ND,ND,ND,ND,ND,26.9,ND,ND,ND,5.9,1.2,ND,ND,0.6,21.7
1420,AOAAG,Costilla de carnero,45,g,45,36,105,5.6,9.0,0.0,ND,0.0,ND,ND,ND,ND,ND,ND,ND,25.6,ND,ND,ND,1.8,2.1,ND,ND,0.8,27.0
1421,AOAAG,Costilla de res,40,g,40,29,112,4.5,10.3,0.0,ND,0.0,ND,ND,ND,ND,ND,ND,ND,21.6,ND,ND,ND,2.3,0.7,ND,ND,0.5,15.2
1422,AOAAG,Espaldilla,45,g,45,36,99,5.8,8.2,0.0,ND,0.7,ND,ND,ND,ND,ND,ND,ND,25.9,ND,ND,ND,1.8,1.1,ND,ND,0.4,22.7
1423,AOAAG,Espaldilla de cerdo,45,g,45,36,99,5.8,8.2,0.0,ND,0.7,ND,ND,ND,ND,ND,ND,ND,25.9,ND,ND,ND,1.8,1.1,ND,ND,0.4,22.7
1424,AOAAG,Espinazo,45,g,45,36,99,5.8,8.2,0.0,ND,0.7,ND,ND,ND,ND,ND,ND,ND,25.9,ND,ND,ND,1.8,1.1,ND,ND,0.4,22.7
1425,AOAAG,Espinazo de cerdo,45,g,45,36,99,5.8,8.2,0.0,ND,0.7,ND,ND,ND,ND,ND,ND,ND,25.9,ND,ND,ND,1.8,1.1,ND,ND,0.4,22.7
1426,AOAAG,Fondue de queso,3 1/2,cucharada,46,46,104,6.5,6.1,1.7,ND,ND,ND,ND,ND,ND,ND,ND,ND,20.6,ND,ND,ND,216.5,0.6,ND,ND,0.2,60.2
1427,AOAAG,Huevo de gansa,1/2,pieza,72,63,116,8.7,8.3,0.8,ND,115.9,ND,ND,ND,ND,ND,ND,ND,533.7,ND,ND,ND,37.8,3.2,ND,ND,2.3,86.6
1428,AOAAG,Huevo de pato,1,pieza,70,62,114,7.9,8.5,0.9,ND,118.3,ND,ND,ND,ND,ND,ND,ND,544.7,ND,ND,ND,39.6,2.9,ND,ND,2.4,89.8
1429,AOAAG,Huevo de pavo,1,pieza,79,70,119,9.5,8.3,0.8,ND,115.4,ND,ND,ND,ND,ND,ND,ND,648.6,ND,ND,ND,68.6,23.8,ND,ND,2.9,105.0
1430,AOAAG,Huevo estrellado,1,pieza,46,46,90,6.3,7.0,0.4,ND,88.8,ND,ND,ND,ND,ND,ND,ND,210.2,ND,ND,ND,27.1,2.1,ND,ND,0.9,93.8
1431,AOAAG,Huevo frito,1,pieza,46,46,90,6.3,7.0,0.4,ND,88.8,ND,ND,ND,ND,ND,ND,ND,210.2,ND,ND,ND,27.1,2.1,ND,ND,0.9,93.8
1432,AOAAG,Huevo revuelto,60,g,60,60,100,6.7,7.3,1.3,ND,84.0,ND,ND,ND,ND,ND,ND,ND,211.5,ND,ND,ND,42.6,1.5,ND,ND,0.7,168.0
1433,AOAAG,Jamón ahumado,1 1/2,rebanada delgada,32,32,95,4.9,8.2,0.2,ND,0.0,ND,ND,ND,ND,ND,ND,ND,28.0,ND,ND,ND,3.0,0.8,ND,ND,0.4,382.5
1434,AOAAG,Jamón americano,1 1/2,rebanada delgada,32,32,95,4.9,8.2,0.2,ND,0.0,ND,ND,ND,ND,ND,ND,ND,28.0,ND,ND,ND,3.2,0.8,ND,ND,0.4,391.2
1435,AOAAG,Jamón bajo en sodio,1 1/2,rebanada delgada,27,27,82,4.2,7.0,0.2,ND,0.0,ND,ND,ND,ND,ND,ND,ND,24.0,ND,ND,ND,1.7,0.7,ND,ND,0.4,225.4
1436,AOAAG,Jamón cocido,1 1/2,rebanada delgada,32,32,95,4.9,8.2,0.2,ND,0.0,ND,ND,ND,ND,ND,ND,ND,28.0,ND,ND,ND,3.0,0.8,ND,ND,0.5,424.5
1437,AOAAG,Jamón del diablo,3 1/2,cucharada,40,40,100,6.2,8.6,0.0,ND,0.0,ND,ND,ND,ND,ND,ND,ND,28.6,ND,ND,ND,0.0,2.7,ND,ND,0.3,333.3
1438,AOAAG,Jamón horneado,1 1/2,rebanada delgada,32,32,95,4.9,8.2,0.2,ND,0.0,ND,ND,ND,ND,ND,ND,ND,28.0,ND,ND,ND,3.2,0.8,ND,ND,0.4,391.2
1439,AOAAG,Jamón virginia,1 1/2,rebanada delgada,32,32,95,4.9,8.2,0.2,ND,0.0,ND,ND,ND,ND,ND,ND,ND,28.0,ND,ND,ND,3.0,0.8,ND,ND,0.5,424.5
1440,AOAAG,Jumiles,20,g,20,20,89,6.4,6.8,0.0,ND,0.0,ND,ND,ND,ND,ND,ND,ND,0.0,ND,ND,ND,15.6,0.0,ND,ND,2.0,0.0
1441,AOAAG,Lengua de cerdo cocida,30,g,30,30,81,7.2,5.6,0.0,ND,0.0,ND,ND,ND,ND,ND,ND,ND,43.8,ND,ND,ND,5.7,4.7,ND,ND,1.5,32.7
1442,AOAAG,Lengua de res cocida,45,g,45,35,100,6.8,7.8,0.0,ND,0.0,ND,ND,ND,ND,ND,ND,ND,46.3,ND,ND,ND,1.8,0.9,ND,ND,0.9,22.8
1443,AOAAG,Maciza de cedo,35,g,35,35,92,5.9,7.4,0.0,ND,0.7,ND,ND,ND,ND,ND,ND,ND,25.2,ND,ND,ND,4.9,1.5,ND,ND,0.3,19.6
1444,AOAAG,Maciza de puerco,35,g,35,35,9,5.9,7.4,0.0,ND,0.7,ND,ND,ND,ND,ND,ND,ND,25.2,ND,ND,ND,4.9,1.5,ND,ND,0.3,19.6
1445,AOAAG,Molida de carnero,40,g,40,38,96,6.9,7.4,0.0,ND,0.0,ND,ND,ND,ND,ND,ND,ND,27.0,ND,ND,ND,2.7,2.6,ND,ND,1.0,30.4
1446,AOAAG,Molida popular de res,40,g,40,33,97,5.2,8.3,0.0,ND,3.9,ND,ND,ND,ND,ND,ND,ND,24.3,ND,ND,ND,2.6,1.0,ND,ND,0.6,19.4
1447,AOAAG,Morcilla,1,rebanada delgada,25,25,95,3.7,8.6,0.3,ND,0.0,ND,ND,ND,ND,ND,ND,ND,30.0,ND,ND,ND,1.5,0.6,ND,ND,1.6,170.0
1448,AOAAG,Morcilla de arroz,1,rebanada gruesa,25,25,95,3.7,8.6,0.3,ND,0.0,ND,ND,ND,ND,ND,ND,ND,30.0,ND,ND,ND,1.5,0.6,ND,ND,1.6,170.0
1449,AOAAG,Moronga,1,rebanada gruesa,25,25,95,3.7,8.6,0.3,ND,0.0,ND,ND,ND,ND,ND,ND,ND,30.0,ND,ND,ND,1.5,0.6,ND,ND,1.6,170.0
1450,AOAAG,Mortadela,1 1/2,rebanada,32,32,99,5.3,8.0,1.1,ND,0.0,ND,ND,ND,ND,ND,ND,ND,18.3,ND,ND,ND,6.3,0.0,ND,ND,0.4,392.7
1451,AOAAG,Mozzarella fresco,35,g,35,35,105,7.8,7.8,0.8,ND,60.9,ND,ND,ND,ND,ND,ND,ND,27.5,ND,ND,ND,176.8,1.3,ND,ND,0.2,219.5
1452,AOAAG,Nugget de pollo,2,pieza,34,34,101,5.2,6.7,4.8,ND,0.0,ND,ND,ND,ND,ND,ND,ND,14.6,ND,ND,ND,10.5,0.9,ND,ND,0.4,189.4
1453,AOAAG,Nugget de queso,3,pieza,43,43,105,4.5,5.5,10.0,ND,0.0,ND,ND,ND,ND,ND,ND,ND,5.0,ND,ND,ND,75.2,0.9,ND,ND,0.2,531.2
1454,AOAAG,Nugget de soya,2,pieza,34,34,98,4.8,6.4,5.3,ND,0.0,ND,ND,ND,ND,ND,ND,ND,0.8,ND,ND,ND,16.0,0.0,ND,ND,0.6,283.6
1455,AOAAG,Ostión ahumado,55,g,55,55,109,4.9,6.9,6.4,ND,49.8,ND,ND,ND,ND,ND,ND,ND,44.6,ND,ND,ND,34.3,3.8,ND,ND,3.8,229.7
1456,AOAAG,Ostión empanizado,55,g,55,55,109,4.9,6.9,6.4,ND,49.8,ND,ND,ND,ND,ND,ND,ND,44.6,ND,ND,ND,34.3,0.8,ND,ND,3.8,229.7
1457,AOAAG,Palitos de pescado congelados,1 1/2,pieza,42,42,116,6.6,5.3,10.1,ND,13.5,ND,ND,ND,ND,ND,ND,ND,48.0,ND,ND,ND,9.0,5.9,ND,ND,0.3,247.5
1458,AOAAG,Paloma,45,g,45,35,102,6.4,8.2,0.0,ND,25.3,ND,ND,ND,ND,ND,ND,ND,32.9,ND,ND,ND,4.2,0.9,ND,ND,1.2,18.7
1459,AOAAG,Pastel de pavo,1 1/2,rebanada,32,32,105,3.9,9.6,0.6,ND,0.0,ND,ND,ND,ND,ND,ND,ND,19.5,ND,ND,ND,1.5,1.3,ND,ND,0.2,406.5
1460,AOAAG,Patel de pollo,40,g,40,40,106,4.0,8.7,2.9,ND,0.0,ND,ND,ND,ND,ND,ND,ND,28.6,ND,ND,ND,41.4,0.6,ND,ND,0.7,511.4
1461,AOAAG,Pastel de puerco,1 1/2,rebanada,32,32,105,3.9,9.6,0.6,ND,0.0,ND,ND,ND,ND,ND,ND,ND,19.5,ND,ND,ND,1.5,0.6,ND,ND,0.2,406.5
1462,AOAAG,Pastel de ternera,40,g,40,40,106,4.0,8.7,2.9,ND,0.0,ND,ND,ND,ND,ND,ND,ND,28.6,ND,ND,ND,41.4,0.6,ND,ND,0.7,511.4
1463,AOAAG,Pata de carnera cocida,50,g,50,35,38,7.4,7.4,0.0,ND,0.0,ND,ND,ND,ND,ND,ND,ND,0.0,ND,ND,ND,18.2,2.8,ND,ND,0.4,0.0
1464,AOAAG,Peperami,3/4,pieza,19,19,103,4.0,9.3,1.0,ND,31.9,ND,ND,ND,ND,ND,ND,ND,25.3,ND,ND,ND,13.1,0.0,ND,ND,0.6,277.5
1465,AOAAG,Peperoni,10,rebanada,20,20,99,4.5,8.8,0.0,ND,0.0,ND,ND,ND,ND,ND,ND,ND,21.0,ND,ND,ND,4.4,1.6,ND,ND,0.3,330.6
1466,AOAAG,Pescuezo de pollo con piel sin hueso,1,pieza,50,32,95,4.5,8.4,0.0,ND,20.8,ND,ND,ND,ND,ND,ND,ND,31.7,ND,ND,ND,5.8,0.5,ND,ND,0.6,20.5
1467,AOAAG,Pollo crispy,45,g,45,34,106,5.4,7.1,5.1,ND,0.0,ND,ND,ND,ND,ND,ND,ND,20.0,ND,ND,ND,5.7,0.7,ND,ND,0.3,154.4
1468,AOAAG,Pollo rostizado,1/3,pieza,50,28,80,6.7,6.3,0.0,ND,57.4,ND,ND,ND,ND,ND,ND,ND,0.0,ND,ND,ND,2.8,1.6,ND,ND,0.5,0.0
1469,AOAAG,Pulpa de res,25,g,25,25,87,6.8,6.5,0.0,ND,0.0,ND,ND,ND,ND,ND,ND,ND,26.0,ND,ND,ND,3.3,1.3,ND,ND,0.8,16.3
1470,AOAAG,Queso amarillo,2,rebanada,42,42,100,7.0,5.9,4.9,ND,47.9,ND,ND,ND,ND,ND,ND,ND,15.1,ND,ND,ND,236.0,1.1,ND,ND,0.1,564.9
1471,AOAAG,Queso americano fundido,7,cucharadita,39,39,105,5.8,8.2,2.3,ND,0.0,ND,ND,ND,ND,ND,ND,ND,23.3,ND,ND,ND,175.0,0.8,ND,ND,0.0,653.3
1472,AOAAG,Queso añejo,25,g,25,25,95,5.4,7.6,1.2,ND,16.1,ND,ND,ND,ND,ND,ND,ND,26.8,ND,ND,ND,172.3,0.8,ND,ND,0.1,286.6
1473,AOAAG,Queso añejo rallado,4,cucharada,29,29,109,6.3,8.7,1.3,ND,18.5,ND,ND,ND,ND,ND,ND,ND,30.8,ND,ND,ND,198.2,0.9,ND,ND,0.1,329.7
1474,AOAAG,Queso asadero,1,rebanada,28,28,100,6.4,8.0,0.8,ND,18.0,ND,ND,ND,ND,ND,ND,ND,30.0,ND,ND,ND,187.0,0.9,ND,ND,0.1,186.0
1475,AOAAG,Queso blue cheese,30,g,30,30,106,6.4,8.6,0.7,ND,696.0,ND,ND,ND,ND,ND,ND,ND,22.5,ND,ND,ND,160.7,0.9,ND,ND,0.1,424.3
1476,AOAAG,Queso brick,25,g,25,25,94,5.9,7.5,0.7,ND,76.8,ND,ND,ND,ND,ND,ND,ND,24.1,ND,ND,ND,170.5,0.9,ND,ND,0.1,142.0
1477,AOAAG,Queso brie,30,g,30,30,102,6.3,8.4,0.1,ND,55.7,ND,ND,ND,ND,ND,ND,ND,30.0,ND,ND,ND,55.7,0.9,ND,ND,0.2,190.7
1478,AOAAG,Queso camembert,35,g,35,35,106,7.0,8.6,0.1,ND,88.8,ND,ND,ND,ND,ND,ND,ND,25.0,ND,ND,ND,137.5,1.0,ND,ND,0.1,298.8
1479,AOAAG,Queso canasto,30,g,30,30,87,8.5,10.0,0.4,ND,195.0,ND,ND,ND,ND,ND,ND,ND,25.5,ND,ND,ND,258.0,1.2,ND,ND,0.7,0.0
1480,AOAAG,Queso cheddar,3/4,rebanada,21,21,85,5.2,7.0,0.3,ND,63.6,ND,ND,ND,ND,ND,ND,ND,22.1,ND,ND,ND,151.5,0.7,ND,ND,0.1,130.3
1481,AOAAG,Queso cheddar rallado,1/4,taza,28,28,114,7.0,9.4,0.4,ND,85.5,ND,ND,ND,ND,ND,ND,ND,29.8,ND,ND,ND,203.8,1.0,ND,ND,0.2,175.3
1482,AOAAG,Queson Cheezwiz,2,cucharada,33,33,91,4.0,6.9,3.0,ND,ND,ND,ND,ND,ND,ND,ND,ND,24.8,ND,ND,ND,118.5,ND,ND,ND,0.1,540.5
1483,AOAAG,Queso Cheshire,1,rebanada,28,28,108,6.5,8.6,1.3,ND,65.0,ND,ND,ND,ND,ND,ND,ND,29.0,ND,ND,ND,180.0,0.0,ND,ND,0.1,196.0
1484,AOAAG,Queso chichuahua,25,g,25,25,94,5.4,7.5,1.4,ND,16.1,ND,ND,ND,ND,ND,ND,ND,26.3,ND,ND,ND,162.0,0.8,ND,ND,0.1,156.3
1485,AOAAG,Queso Chihuahua fresco,1,rebanada,28,28,105,6.0,8.4,1.6,ND,18.0,ND,ND,ND,ND,ND,ND,ND,29.4,ND,ND,ND,182.3,0.9,ND,ND,0.1,175.0
1486,AOAAG,Queso chihuahua rallado,1/4,taza,28,28,106,6.1,8.5,1.6,ND,18.2,ND,ND,ND,ND,ND,ND,ND,29.7,ND,ND,ND,183.9,0.9,ND,ND,0.1,176.6
1487,AOAAG,Queso colby estilo Cheddar,1,rebanada,28,28,110,6.7,9.0,0.7,ND,74.0,ND,ND,ND,ND,ND,ND,ND,27.0,ND,ND,ND,192.0,0.0,ND,ND,0.2,169.0
1488,AOAAG,Queso cotija,30,g,30,30,87,8.5,10.0,0.4,ND,195.0,ND,ND,ND,ND,ND,ND,ND,25.5,ND,ND,ND,258.0,1.2,ND,ND,0.7,0.0
1489,AOAAG,Queso crema light,3,cucharada,45,45,104,4.8,7.9,3.2,ND,81.5,ND,ND,ND,ND,ND,ND,ND,25.2,ND,ND,ND,50.4,0.2,ND,ND,0.8,133.2
1490,AOAAG,Queso de cabra con ceniza,35,g,35,35,94,6.6,7.4,0.3,ND,100.0,ND,ND,ND,ND,ND,ND,ND,16.3,ND,ND,ND,49.0,0.3,ND,ND,0.7,130.0
1491,AOAAG,Queso de cabra duro,20,g,20,20,91,6.2,7.2,0.4,ND,96.4,ND,ND,ND,ND,ND,ND,ND,21.4,ND,ND,ND,181.4,0.3,ND,ND,0.4,70.0
1492,AOAAG,Queso de cabra semi suave,1,rebanada,28,28,102,6.0,8.4,0.7,ND,114.0,ND,ND,ND,ND,ND,ND,ND,22.0,ND,ND,ND,83.0,0.0,ND,ND,0.5,144.0
1493,AOAAG,Queso de cabra suave,35,g,35,35,94,6.6,7.4,0.3,ND,100,ND,ND,ND,ND,ND,ND,ND,16.3,ND,ND,ND,49,0.3,ND,ND,0.7,130
1494,AOAAG,Queso edam,30,g,30,30,107,7.5,8.3,0.4,ND,72.6,ND,ND,ND,ND,ND,ND,ND,26.8,ND,ND,ND,219.3,1.1,ND,ND,0.1,289.5
1495,AOAAG,Queso feta,40,g,40,40,106,5.7,8.5,1.6,ND,50.0,ND,ND,ND,ND,ND,ND,ND,35.7,ND,ND,ND,197.2,0.9,ND,ND,0.3,451.4
1496,AOAAG,Queso fontina,25,g,25,25,97,6.4,7.8,0.4,ND,64.5,ND,ND,ND,ND,ND,ND,ND,29.0,ND,ND,ND,137.5,0.9,ND,ND,0.1,200.0
1497,AOAAG,Queso fundido,3,cucharada,45,45,103,6.4,6.0,1.7,ND,ND,ND,ND,ND,ND,ND,ND,ND,20.4,ND,ND,ND,214.2,0.6,ND,ND,0.2,59.6
1498,AOAAG,Queso gouda,30,g,30,30,107,7.5,8.2,0.7,ND,49.2,ND,ND,ND,ND,ND,ND,ND,34.3,ND,ND,ND,210.0,1.1,ND,ND,0.1,245.7
1499,AOAAG,Queso gruyere,25,g,25,25,103,7.5,8.1,0.1,ND,67.0,ND,ND,ND,ND,ND,ND,ND,27.5,ND,ND,ND,252.8,1.1,ND,ND,0.0,84.0
1500,AOAAG,Queso Limburger,1,rebanada,28,28,92,5.6,7.6,0.1,ND,95.0,ND,ND,ND,ND,ND,ND,ND,25.0,ND,ND,ND,139.0,0.0,ND,ND,0.0,224.0
1501,AOAAG,Queso manchego,25,g,25,25,102,6.1,8.1,1.2,ND,0.0,ND,ND,ND,ND,ND,ND,ND,0.0,ND,ND,ND,0.0,0.9,ND,ND,0.0,0.0
1502,AOAAG,Queso manchego rallado,25,g,25,25,102,6.1,8.1,1.2,ND,0.0,ND,ND,ND,ND,ND,ND,ND,0.0,ND,ND,ND,0.0,0.9,ND,ND,0.0,0.0
1503,AOAAG,Queso manchego rebanado,25,g,25,25,102,6.1,8.1,1.2,ND,0.0,ND,ND,ND,ND,ND,ND,ND,0.0,ND,ND,ND,0.0,0.9,ND,ND,0.0,0.0
1504,AOAAG,Queso menonita,25,g,25,25,95,5.4,7.5,1.4,ND,16.1,ND,ND,ND,ND,ND,ND,ND,26.8,ND,ND,ND,165.2,0.8,ND,ND,0.1,156.3
1505,AOAAG,Queso Monterrey,25,g,25,25,93,6.1,7.6,0.2,ND,48.0,ND,ND,ND,ND,ND,ND,ND,22.3,ND,ND,ND,186.5,0.9,ND,ND,0.2,134.0
1506,AOAAG,Queso mozarella,35,g,35,35,105,7.8,7.8,0.8,ND,60.9,ND,ND,ND,ND,ND,ND,ND,27.5,ND,ND,ND,176.8,1.3,ND,ND,0.2,219.5
1507,AOAAG,Queso mozarella rallado,35,taza,35,35,105,7.8,7.8,0.8,ND,60.9,ND,ND,ND,ND,ND,ND,ND,27.5,ND,ND,ND,176.8,1.3,ND,ND,0.2,219.5
1508,AOAAG,Queso mozarella suave,1,rebanada,28,28,89,6.0,6.9,0.7,ND,53.8,ND,ND,ND,ND,ND,ND,ND,25.0,ND,ND,ND,163.0,1.0,ND,ND,0.1,116.2
1509,AOAAG,Queso Muenster,1,rebanada,28,28,103,6.6,8.4,0.3,ND,83.0,ND,ND,ND,ND,ND,ND,ND,27.0,ND,ND,ND,201.0,0.0,ND,ND,0.1,176.0
1510,AOAAG,Queso neufchatel,35,g,35,35,91,3.5,8.2,1.0,ND,101.2,ND,ND,ND,ND,ND,ND,ND,26.6,ND,ND,ND,26.3,0.1,ND,ND,0.1,139.7
1511,AOAAG,Queso Oaxaca,30,g,30,30,95,7.7,6.6,0.9,ND,0.8,ND,ND,ND,ND,ND,ND,ND,25.8,ND,ND,ND,140.7,1.1,ND,ND,1.0,0.0
1512,AOAAG,Queso pasteurizado americano,1,rebanada,28,28,105,6.2,8.7,0.4,ND,69.2,ND,ND,ND,ND,ND,ND,ND,26.3,ND,ND,ND,172.5,0.9,ND,ND,0.1,400.4
1513,AOAAG,Queso pasteurizado suizo,1 1/2,rebanada,32,32,105,7.8,7.9,0.7,ND,60.5,ND,ND,ND,ND,ND,ND,ND,26.8,ND,ND,ND,243.2,1.1,ND,ND,0.2,431.6
1514,AOAAG,Queso port salut,1,rebanada,28,28,99,6.7,7.9,0.2,ND,87.6,ND,ND,ND,ND,ND,ND,ND,34.4,ND,ND,ND,182.0,1.0,ND,ND,0.1,149.5
1515,AOAAG,Queso provolone,1,rebanada,28,28,98,7.2,7.5,0.6,ND,64.4,ND,ND,ND,ND,ND,ND,ND,19.3,ND,ND,ND,211.7,1.0,ND,ND,0.1,245.3
1516,AOAAG,Queso ricotta,1/4,taza,62,62,107,6.9,8.0,1.9,ND,72.0,ND,ND,ND,ND,ND,ND,ND,31.2,ND,ND,ND,127.5,1.0,ND,ND,0.2,51.6
1517,AOAAG,Queso romeno,23,g,23,23,89,7.3,6.2,0.8,ND,20.7,ND,ND,ND,ND,ND,ND,ND,23.8,ND,ND,ND,244.7,3.3,ND,ND,0.2,276
1518,AOAAG,Queso roquefort,25,g,25,25,92,5.4,7.7,0.5,ND,72.5,ND,ND,ND,ND,ND,ND,ND,22.5,ND,ND,ND,165.5,0.8,ND,ND,0.1,452.3
1519,AOAAG,Queso suizo,1,rebanada,28,28,106,7.5,7.8,1.5,ND,59.9,ND,ND,ND,ND,ND,ND,ND,26.0,ND,ND,ND,221.5,1.4,ND,ND,0.1,53.8
1520,AOAAG,Queso suizo rallado,6,cucharada,43,43,95,7.4,6.3,2.3,ND,27.7,ND,ND,ND,ND,ND,ND,ND,32.4,ND,ND,ND,297.2,1.1,ND,ND,0.0,0.0
1521,AOAAG,Queso tipo americano,1 1/2,rebanada,27,27,101,6.0,8.5,0.4,ND,68.5,ND,ND,ND,ND,ND,ND,ND,25.1,ND,ND,ND,149.5,0.0,ND,ND,0.0,402.1
1522,AOAAG,Queso tipo roquefort,25,g,25,25,92,5.4,7.7,0.5,ND,72.5,ND,ND,ND,ND,ND,ND,ND,22.5,ND,ND,ND,165.5,0.8,ND,ND,0.1,452.3
1523,AOAAG,Queso velveta,35,g,35,35,100,6.3,7.5,3.8,ND,0.0,ND,ND,ND,ND,ND,ND,ND,25.0,ND,ND,ND,187.5,0.9,ND,ND,0.0,525.0
1524,AOAAG,Retazo,350,g,350,35,104,5.6,8.9,0.0,ND,4.2,ND,ND,ND,ND,ND,ND,ND,25.9,ND,ND,ND,2.8,1.1,ND,ND,0.6,20.7
1525,AOAAG,Retazo con hueso,350,g,350,35,104,5.6,8.9,0.0,ND,4.2,ND,ND,ND,ND,ND,ND,ND,25.9,ND,ND,ND,2.8,1.1,ND,ND,0.6,20.7
1526,AOAAG,Retazo de pollo,350,g,350,35,104,5.6,8.9,0.0,ND,4.2,ND,ND,ND,ND,ND,ND,ND,25.9,ND,ND,ND,2.8,0.7,ND,ND,0.6,20.7
1527,AOAAG,Retazo de res,350,g,350,35,104,5.6,8.9,0.0,ND,4.2,ND,ND,ND,ND,ND,ND,ND,25.9,ND,ND,ND,2.8,1.1,ND,ND,0.6,20.7
1528,AOAAG,Retazo de ternera,350,g,350,35,104,5.6,8.9,0.0,ND,4.2,ND,ND,ND,ND,ND,ND,ND,25.9,ND,ND,ND,2.8,0.9,ND,ND,0.6,20.7
1529,AOAAG,Rib eye,30,g,30,30,82,5.3,6.6,0.0,ND,0.0,ND,ND,ND,ND,ND,ND,ND,20.4,ND,ND,ND,3.9,0.9,ND,ND,0.6,16.8
1530,AOAAG,Salami,3,rebanada,27,27,104,6.3,8.1,1.0,ND,0.0,ND,ND,ND,ND,ND,ND,ND,27.0,ND,ND,ND,2.2,1.6,ND,ND,0.4,542.7
1531,AOAAG,Salami de ternera,6,rebanada,42,42,110,6.4,8.8,1.1,ND,0.0,ND,ND,ND,ND,ND,ND,ND,27.4,ND,ND,ND,3.7,1.0,ND,ND,0.9,493.0
1532,AOAAG,Salchicha,3/4,pieza,34,34,114,6.6,9.6,0.0,ND,4.1,ND,ND,ND,ND,ND,ND,ND,28.4,ND,ND,ND,4.4,0.0,ND,ND,0.5,252.8
1533,AOAAG,Salchicha ahumada,1/2,pieza,34,34,109,4.1,9.8,0.8,ND,3.7,ND,ND,ND,ND,ND,ND,ND,19.7,ND,ND,ND,4.1,0.0,ND,ND,0.3,309.7
1534,AOAAG,Salchicha de pollo,3/4,pieza,34,34,100,6.2,8.1,0.0,ND,10.5,ND,ND,ND,ND,ND,ND,ND,23.6,ND,ND,ND,0.7,0.9,ND,ND,0.4,344.3
1535,AOAAG,Salchicha de puerco,3/4,pieza,34,34,114,6.6,9.6,0.0,ND,4.1,ND,ND,ND,ND,ND,ND,ND,28.4,ND,ND,ND,4.4,0.0,ND,ND,0.5,252.8
1536,AOAAG,Salchicha de ternera,1/2,pieza,29,29,90,3.4,8.1,0.5,ND,0.0,ND,ND,ND,ND,ND,ND,ND,17.5,ND,ND,ND,5.5,0.5,ND,ND,0.4,292.5
1537,AOAAG,Salchicha vienna,3,pieza,48,48,110,5.0,9.3,1.2,ND,0.0,ND,ND,ND,ND,ND,ND,ND,41.8,ND,ND,ND,4.8,0.9,ND,ND,0.4,465.1
1538,AOAAG,Salchicha vienna ahumada,1 1/2,pieza,41,41,93,4.3,7.9,1.1,ND,0.0,ND,ND,ND,ND,ND,ND,ND,35.5,ND,ND,ND,4.1,0.7,ND,ND,0.4,392.4
1539,AOAAG,Sesos de res cocidos,60,g,60,60,91,7.0,6.3,0.9,ND,0.0,ND,ND,ND,ND,ND,ND,ND,1860.0,ND,ND,ND,5.4,1.5,ND,ND,1.4,64.8
1540,AOAAG,Sesos de res crudos,75,g,75,74,105,8.0,7.6,0.8,ND,0.0,ND,ND,ND,ND,ND,ND,ND,2212.4,ND,ND,ND,31.6,1.7,ND,ND,1.9,92.6
1541,AOAAG,Sesos de res fritos,55,g,55,55,108,6.9,8.7,0.0,ND,0.0,ND,ND,ND,ND,ND,ND,ND,1097.3,ND,ND,ND,5.0,1.3,ND,ND,1.2,86.9
1542,AOAAG,T-bone con grasa cocido,35,g,35,32,96,7.4,7.2,0.0,ND,0.0,ND,ND,ND,ND,ND,ND,ND,20.5,ND,ND,ND,2.2,0.9,ND,ND,1.0,21.1
1543,AOAAG,Tofu frito,40,g,40,40,108,6.8,8.0,4.3,ND,0.0,ND,ND,ND,ND,ND,ND,ND,0.0,ND,ND,ND,0.0,0.0,ND,ND,0.0,0.0
1544,AOAAG,Tripas de res,55,g,55,50,109,5.6,9.5,0.0,ND,26.2,ND,ND,ND,ND,ND,ND,ND,74.3,ND,ND,ND,5.9,0.0,ND,ND,0.9,22.8
1545,AOAAG,Ubre,45,g,45,45,105,6.9,8.4,0.0,ND,0.0,ND,ND,ND,ND,ND,ND,ND,0.0,ND,ND,ND,31.5,0.0,ND,ND,1.2,0.0
1546,AOAAG,Velveta,35,g,35,35,100,6.3,7.5,3.8,ND,0.0,ND,ND,ND,ND,ND,ND,ND,25.0,ND,ND,ND,187.5,0.0,ND,ND,0.0,525.0
1547,AOAAG,Yema,2,pieza,34,34,108,5.4,9.0,1.2,ND,126.1,ND,ND,ND,ND,ND,ND,ND,419.6,ND,ND,ND,43.9,3.0,ND,ND,0.9,16.3
1548,AOAAG,Yema de huevo,2,pieza,34,34,108,5.4,9.0,1.2,ND,126.1,ND,ND,ND,ND,ND,ND,ND,419.6,ND,ND,ND,43.9,3.0,ND,ND,0.9,16.3
1549,AOAAG,Yema de huevo en polvo,3,cucharada,15,15,103,5.3,8.6,0.6,ND,203.2,ND,ND,ND,ND,ND,ND,ND,360.8,ND,ND,ND,43.9,4.6,ND,ND,0.8,20.9
